gender,SeniorCitizen,Partner,Dependents,tenure,PhoneService,MultipleLines,InternetService,OnlineSecurity,OnlineBackup,DeviceProtection,TechSupport,StreamingTV,StreamingMovies,Contract,PaperlessBilling,PaymentMethod,MonthlyCharges,TotalCharges,ServiceCount,AverageMonthlySpend,TenureGroup,Churn_Probability,Churn_Prediction,Risk_Level,Recommended_Action
Male,0,Yes,Yes,72,Yes,Yes,Fiber optic,Yes,Yes,Yes,Yes,Yes,Yes,Two year,Yes,Credit card (automatic),114.05,8468.2,8,117.6138888888889,49+ Months,0.0463793118379326,0,Low Risk,Routine engagement
Female,1,No,No,8,Yes,Yes,Fiber optic,No,No,No,Yes,Yes,Yes,Month-to-month,Yes,Credit card (automatic),100.15,908.55,5,113.56875,7-12 Months,0.9060147724661609,1,High Risk,Immediate retention intervention
Female,0,Yes,Yes,41,Yes,Yes,DSL,Yes,Yes,Yes,No,Yes,No,One year,Yes,Credit card (automatic),78.35,3211.2,6,78.32195121951219,25-48 Months,0.1499082022063177,0,Low Risk,Routine engagement
Male,0,Yes,No,18,Yes,No,Fiber optic,No,No,Yes,Yes,No,No,Month-to-month,No,Electronic check,78.2,1468.75,3,81.59722222222223,13-24 Months,0.5526078506994395,1,Medium Risk,Proactive engagement
Female,0,Yes,No,72,Yes,Yes,DSL,Yes,Yes,Yes,No,Yes,Yes,Two year,Yes,Credit card (automatic),82.65,5919.35,7,82.21319444444445,49+ Months,0.02156958715251871,0,Low Risk,Routine engagement
Female,0,No,No,21,Yes,Yes,Fiber optic,No,Yes,No,No,Yes,Yes,Month-to-month,Yes,Credit card (automatic),99.85,1992.55,5,94.88333333333333,13-24 Months,0.7959529269415482,1,High Risk,Immediate retention intervention
Female,0,No,No,21,Yes,No,Fiber optic,No,Yes,No,Yes,Yes,Yes,Month-to-month,Yes,Bank transfer (automatic),99.15,1956.4,5,93.16190476190476,13-24 Months,0.6435269268808204,1,High Risk,Immediate retention intervention
Male,0,No,Yes,19,Yes,Yes,No,No internet service,No internet service,No internet service,No internet service,No internet service,No internet service,Month-to-month,Yes,Credit card (automatic),24.1,439.2,2,23.11578947368421,13-24 Months,0.25421838346429165,0,Low Risk,Routine engagement
Female,0,Yes,Yes,61,Yes,No,No,No internet service,No internet service,No internet service,No internet service,No internet service,No internet service,Two year,No,Credit card (automatic),19.75,1311.6,1,21.501639344262294,49+ Months,0.01827227850318052,0,Low Risk,Routine engagement
Male,1,No,No,17,Yes,No,DSL,No,No,No,No,No,No,Month-to-month,Yes,Electronic check,45.05,770.6,1,45.32941176470588,13-24 Months,0.620941141620891,1,High Risk,Immediate retention intervention
Male,0,Yes,Yes,70,Yes,Yes,Fiber optic,Yes,Yes,No,No,Yes,Yes,Month-to-month,Yes,Electronic check,106.05,7554.05,6,107.915,49+ Months,0.5246725781842669,0,Medium Risk,Proactive engagement
Female,1,Yes,No,72,Yes,Yes,Fiber optic,Yes,Yes,Yes,Yes,Yes,Yes,Two year,Yes,Bank transfer (automatic),114.85,8317.95,8,115.52708333333334,49+ Months,0.041555185939866256,0,Low Risk,Routine engagement
Male,0,No,No,49,No,No phone service,DSL,No,No,Yes,No,No,No,Month-to-month,Yes,Bank transfer (automatic),30.2,1453.1,1,29.655102040816324,49+ Months,0.31022589209716617,0,Medium Risk,Proactive engagement
Female,1,No,No,11,Yes,Yes,Fiber optic,No,No,No,No,No,Yes,Month-to-month,Yes,Credit card (automatic),84.8,906.85,3,82.44090909090909,7-12 Months,0.8403425920602365,1,High Risk,Immediate retention intervention
Female,0,No,Yes,19,Yes,No,DSL,No,No,No,Yes,No,No,Month-to-month,No,Mailed check,48.8,953.65,2,50.19210526315789,13-24 Months,0.25620843534764864,0,Low Risk,Routine engagement
Male,0,Yes,Yes,72,Yes,Yes,Fiber optic,No,No,No,No,No,Yes,Two year,Yes,Credit card (automatic),84.5,6130.85,3,85.15069444444445,49+ Months,0.11261978036936852,0,Low Risk,Routine engagement
Female,0,Yes,Yes,8,Yes,No,No,No internet service,No internet service,No internet service,No internet service,No internet service,No internet service,Two year,No,Bank transfer (automatic),19.5,159.35,1,19.91875,7-12 Months,0.02386604943025424,0,Low Risk,Routine engagement
Male,0,No,Yes,15,Yes,Yes,Fiber optic,No,Yes,No,No,Yes,No,Month-to-month,Yes,Electronic check,91.0,1430.05,4,95.33666666666666,13-24 Months,0.8325611709723748,1,High Risk,Immediate retention intervention
Female,0,Yes,No,67,Yes,Yes,Fiber optic,No,Yes,Yes,No,Yes,Yes,One year,Yes,Bank transfer (automatic),105.7,6816.95,6,101.7455223880597,49+ Months,0.4594945905917989,0,Medium Risk,Proactive engagement
Female,0,Yes,No,26,No,No phone service,DSL,Yes,No,Yes,No,No,No,One year,No,Credit card (automatic),35.4,978.6,2,37.63846153846154,25-48 Months,0.12499754422426795,0,Low Risk,Routine engagement
Male,1,No,No,2,Yes,Yes,Fiber optic,No,No,No,No,No,No,Month-to-month,Yes,Mailed check,74.85,156.4,2,78.2,0-6 Months,0.8790388921293362,1,High Risk,Immediate retention intervention
Female,0,Yes,No,21,No,No phone service,DSL,Yes,No,No,No,No,No,Month-to-month,No,Electronic check,28.5,629.35,1,29.969047619047622,13-24 Months,0.4800000932991465,0,Medium Risk,Proactive engagement
Female,0,Yes,No,49,Yes,No,No,No internet service,No internet service,No internet service,No internet service,No internet service,No internet service,One year,Yes,Bank transfer (automatic),20.05,923.1,1,18.838775510204083,49+ Months,0.06512693685143658,0,Low Risk,Routine engagement
Male,0,Yes,Yes,21,Yes,No,No,No internet service,No internet service,No internet service,No internet service,No internet service,No internet service,One year,No,Mailed check,19.8,350.1,1,16.67142857142857,13-24 Months,0.023039044617608553,0,Low Risk,Routine engagement
Female,0,Yes,No,51,Yes,No,Fiber optic,No,No,No,No,No,No,Month-to-month,No,Mailed check,69.15,3649.6,1,71.56078431372549,49+ Months,0.3532024252348165,0,Medium Risk,Proactive engagement
Male,1,Yes,No,16,Yes,No,DSL,Yes,Yes,No,No,No,No,Month-to-month,Yes,Bank transfer (automatic),54.55,825.1,3,51.56875,13-24 Months,0.4371456415404272,0,Medium Risk,Proactive engagement
Female,0,No,No,22,Yes,No,Fiber optic,No,No,No,No,Yes,Yes,Month-to-month,No,Electronic check,89.25,1907.85,3,86.72045454545454,13-24 Months,0.7076231322079289,1,High Risk,Immediate retention intervention
Male,0,Yes,No,13,Yes,Yes,Fiber optic,No,No,Yes,No,Yes,Yes,Month-to-month,Yes,Credit card (automatic),102.25,1359.0,5,104.53846153846153,13-24 Months,0.8880978393612827,1,High Risk,Immediate retention intervention
Female,0,No,Yes,43,Yes,Yes,No,No internet service,No internet service,No internet service,No internet service,No internet service,No internet service,Two year,Yes,Electronic check,25.1,1070.15,2,24.887209302325584,25-48 Months,0.0608659356892125,0,Low Risk,Routine engagement
Female,0,No,No,3,Yes,No,Fiber optic,No,No,No,No,Yes,Yes,Month-to-month,Yes,Electronic check,89.45,240.45,3,80.14999999999999,0-6 Months,0.8922047355755559,1,High Risk,Immediate retention intervention
Male,1,No,No,54,Yes,Yes,Fiber optic,No,Yes,No,No,No,Yes,Month-to-month,Yes,Electronic check,90.05,4931.8,4,91.32962962962964,49+ Months,0.697343043282446,1,High Risk,Immediate retention intervention
Male,0,No,Yes,1,No,No phone service,DSL,No,No,No,No,No,No,Month-to-month,No,Mailed check,24.2,24.2,0,24.2,0-6 Months,0.7386822072556201,1,High Risk,Immediate retention intervention
Male,0,Yes,Yes,69,Yes,No,No,No internet service,No internet service,No internet service,No internet service,No internet service,No internet service,One year,Yes,Credit card (automatic),20.55,1403.1,1,20.33478260869565,49+ Months,0.02315132109347708,0,Low Risk,Routine engagement
Male,0,No,No,62,Yes,Yes,No,No internet service,No internet service,No internet service,No internet service,No internet service,No internet service,Two year,No,Bank transfer (automatic),23.4,1429.65,2,23.058870967741935,49+ Months,0.045739155537550015,0,Low Risk,Routine engagement
Female,0,No,No,2,Yes,No,Fiber optic,No,No,No,No,Yes,Yes,Month-to-month,Yes,Electronic check,90.4,168.2,3,84.1,0-6 Months,0.9157558533364563,1,High Risk,Immediate retention intervention
Female,1,Yes,Yes,62,Yes,Yes,Fiber optic,No,Yes,Yes,No,No,Yes,Month-to-month,Yes,Credit card (automatic),96.1,6019.35,5,97.08629032258065,49+ Months,0.4897807570227722,0,Medium Risk,Proactive engagement
Male,1,No,No,2,Yes,No,DSL,No,No,No,No,No,No,Month-to-month,No,Mailed check,44.95,85.15,1,42.575,0-6 Months,0.6548329363729148,1,High Risk,Immediate retention intervention
Male,0,Yes,Yes,69,Yes,No,No,No internet service,No internet service,No internet service,No internet service,No internet service,No internet service,Two year,No,Bank transfer (automatic),19.9,1356.7,1,19.66231884057971,49+ Months,0.01709216751987349,0,Low Risk,Routine engagement
Female,0,No,No,1,Yes,Yes,Fiber optic,No,No,No,No,No,No,Month-to-month,Yes,Electronic check,74.5,74.5,2,74.5,0-6 Months,0.9299422579980466,1,High Risk,Immediate retention intervention
Male,0,No,No,31,Yes,No,DSL,No,No,Yes,Yes,No,No,Month-to-month,Yes,Electronic check,55.25,1715.65,3,55.343548387096774,25-48 Months,0.28556845469167286,0,Low Risk,Routine engagement
Male,1,No,No,69,Yes,No,No,No internet service,No internet service,No internet service,No internet service,No internet service,No internet service,Two year,No,Credit card (automatic),20.3,1356.3,1,19.656521739130433,49+ Months,0.031000911266724156,0,Low Risk,Routine engagement
Male,0,Yes,No,2,Yes,Yes,Fiber optic,No,No,Yes,No,Yes,No,Month-to-month,Yes,Electronic check,91.45,171.45,4,85.725,0-6 Months,0.9319786837076734,1,High Risk,Immediate retention intervention
Female,0,No,No,33,Yes,No,Fiber optic,No,No,No,No,No,No,Month-to-month,Yes,Bank transfer (automatic),70.4,2406.1,1,72.9121212121212,25-48 Months,0.5968053351843089,1,Medium Risk,Proactive engagement
Female,0,Yes,No,3,Yes,No,No,No internet service,No internet service,No internet service,No internet service,No internet service,No internet service,Month-to-month,Yes,Mailed check,19.6,55.25,1,18.416666666666668,0-6 Months,0.39172051784966444,0,Medium Risk,Proactive engagement
Male,0,No,No,44,Yes,No,DSL,Yes,No,No,Yes,Yes,No,One year,No,Electronic check,65.4,2774.55,4,63.05795454545455,25-48 Months,0.1376902975716659,0,Low Risk,Routine engagement
Male,0,No,No,10,Yes,No,Fiber optic,Yes,Yes,Yes,Yes,Yes,Yes,Month-to-month,Yes,Electronic check,110.1,1043.3,7,104.33,7-12 Months,0.8263945188747044,1,High Risk,Immediate retention intervention
Female,0,No,No,8,Yes,Yes,Fiber optic,No,No,No,No,No,No,Month-to-month,Yes,Electronic check,75.25,576.7,2,72.0875,7-12 Months,0.8360655950014078,1,High Risk,Immediate retention intervention
Male,0,No,No,8,Yes,No,DSL,No,Yes,No,Yes,Yes,No,Month-to-month,Yes,Electronic check,66.65,520.95,4,65.11875,7-12 Months,0.42674227969881257,0,Medium Risk,Proactive engagement
Female,0,Yes,Yes,69,Yes,No,No,No internet service,No internet service,No internet service,No internet service,No internet service,No internet service,One year,Yes,Credit card (automatic),20.35,1442.65,1,20.907971014492755,49+ Months,0.027108280367148768,0,Low Risk,Routine engagement
Female,0,No,No,23,Yes,Yes,Fiber optic,No,No,No,No,No,No,Month-to-month,No,Bank transfer (automatic),75.6,1758.6,2,76.4608695652174,13-24 Months,0.5170604851703035,0,Medium Risk,Proactive engagement
Male,0,No,No,66,Yes,Yes,No,No internet service,No internet service,No internet service,No internet service,No internet service,No internet service,Two year,No,Mailed check,25.1,1697.7,2,25.722727272727273,49+ Months,0.029424765274187706,0,Low Risk,Routine engagement
Female,0,Yes,Yes,1,Yes,Yes,Fiber optic,Yes,No,Yes,No,Yes,Yes,Month-to-month,Yes,Electronic check,102.45,102.45,6,102.45,0-6 Months,0.9222144972748432,1,High Risk,Immediate retention intervention
Female,0,No,No,3,Yes,No,No,No internet service,No internet service,No internet service,No internet service,No internet service,No internet service,Month-to-month,No,Mailed check,19.95,58.0,1,19.333333333333332,0-6 Months,0.35817175930718104,0,Medium Risk,Proactive engagement
Female,0,No,Yes,5,Yes,No,DSL,No,No,No,Yes,No,No,Month-to-month,Yes,Mailed check,51.0,286.8,2,57.36,0-6 Months,0.4744055039481328,0,Medium Risk,Proactive engagement
Female,0,No,Yes,1,Yes,No,DSL,Yes,No,No,No,No,No,Month-to-month,No,Mailed check,51.2,51.2,2,51.2,0-6 Months,0.533768825161976,0,Medium Risk,Proactive engagement
Female,0,No,No,9,Yes,No,Fiber optic,No,No,No,No,Yes,No,Month-to-month,Yes,Bank transfer (automatic),77.65,714.15,2,79.35,7-12 Months,0.7577304930063244,1,High Risk,Immediate retention intervention
Male,0,Yes,Yes,36,Yes,No,DSL,Yes,No,Yes,No,No,Yes,One year,Yes,Credit card (automatic),63.7,2188.5,4,60.791666666666664,25-48 Months,0.12609488928113635,0,Low Risk,Routine engagement
Male,0,Yes,Yes,68,Yes,Yes,Fiber optic,Yes,Yes,No,No,No,No,One year,Yes,Bank transfer (automatic),85.5,5696.6,4,83.77352941176471,49+ Months,0.15842714460789883,0,Low Risk,Routine engagement
Female,0,Yes,Yes,35,No,No phone service,DSL,No,No,No,Yes,Yes,No,One year,No,Mailed check,40.9,1383.6,2,39.53142857142857,25-48 Months,0.11224650937459632,0,Low Risk,Routine engagement
Male,0,Yes,Yes,60,Yes,No,No,No internet service,No internet service,No internet service,No internet service,No internet service,No internet service,Two year,No,Mailed check,20.55,1205.05,1,20.084166666666665,49+ Months,0.025235526176446234,0,Low Risk,Routine engagement
Female,0,Yes,Yes,72,Yes,Yes,DSL,Yes,Yes,No,Yes,Yes,No,Two year,No,Mailed check,74.55,5430.65,6,75.42569444444445,49+ Months,0.010241458093237605,0,Low Risk,Routine engagement
Male,0,No,No,45,Yes,No,No,No internet service,No internet service,No internet service,No internet service,No internet service,No internet service,One year,Yes,Electronic check,20.4,930.45,1,20.67666666666667,25-48 Months,0.05316604989107135,0,Low Risk,Routine engagement
Male,0,Yes,Yes,37,Yes,No,Fiber optic,No,No,No,No,Yes,Yes,One year,No,Credit card (automatic),91.2,3247.55,3,87.77162162162162,25-48 Months,0.34420185830043615,0,Medium Risk,Proactive engagement
Female,0,Yes,Yes,7,Yes,No,DSL,Yes,No,No,No,No,No,Month-to-month,No,Mailed check,50.7,350.35,2,50.050000000000004,7-12 Months,0.2843449873039394,0,Low Risk,Routine engagement
Female,0,No,No,4,Yes,No,DSL,No,Yes,No,No,No,No,Month-to-month,No,Credit card (automatic),50.7,151.3,2,37.825,0-6 Months,0.5591782916717876,1,Medium Risk,Proactive engagement
Female,0,No,No,1,Yes,No,DSL,Yes,Yes,No,No,No,No,Month-to-month,Yes,Electronic check,54.9,54.9,3,54.9,0-6 Months,0.7119245913359676,1,High Risk,Immediate retention intervention
Female,0,No,No,4,Yes,No,DSL,Yes,Yes,No,Yes,No,No,Month-to-month,Yes,Mailed check,60.4,272.15,4,68.0375,0-6 Months,0.48325355840580425,0,Medium Risk,Proactive engagement
Male,0,Yes,No,18,Yes,No,DSL,No,No,Yes,No,No,No,Month-to-month,Yes,Mailed check,49.55,878.35,2,48.797222222222224,13-24 Months,0.4097449662240163,0,Medium Risk,Proactive engagement
Female,0,No,No,12,Yes,Yes,DSL,No,No,No,Yes,Yes,Yes,One year,No,Mailed check,74.05,872.65,5,72.72083333333333,7-12 Months,0.21120244984308004,0,Low Risk,Routine engagement
Female,0,Yes,Yes,1,Yes,No,Fiber optic,No,No,No,No,Yes,No,Month-to-month,Yes,Mailed check,80.05,80.05,2,80.05,0-6 Months,0.915271427483655,1,High Risk,Immediate retention intervention
Male,0,Yes,Yes,72,Yes,Yes,No,No internet service,No internet service,No internet service,No internet service,No internet service,No internet service,Two year,No,Bank transfer (automatic),25.0,1738.9,2,24.15138888888889,49+ Months,0.009186502645820679,0,Low Risk,Routine engagement
Male,0,Yes,No,42,Yes,No,No,No internet service,No internet service,No internet service,No internet service,No internet service,No internet service,Two year,No,Electronic check,20.25,835.5,1,19.892857142857142,25-48 Months,0.02245244139325175,0,Low Risk,Routine engagement
Male,1,No,No,24,Yes,Yes,Fiber optic,No,No,No,No,No,No,Month-to-month,Yes,Electronic check,76.1,1712.7,2,71.3625,13-24 Months,0.7676731978802429,1,High Risk,Immediate retention intervention
Male,0,Yes,Yes,26,Yes,No,Fiber optic,No,No,No,No,No,Yes,One year,No,Bank transfer (automatic),78.95,2034.25,2,78.24038461538461,25-48 Months,0.262981318054348,0,Low Risk,Routine engagement
Female,0,Yes,Yes,68,Yes,Yes,DSL,Yes,Yes,Yes,No,Yes,No,One year,Yes,Credit card (automatic),73.0,5163.0,6,75.92647058823529,49+ Months,0.09901486579720899,0,Low Risk,Routine engagement
Female,0,No,No,17,Yes,No,No,No internet service,No internet service,No internet service,No internet service,No internet service,No internet service,One year,No,Bank transfer (automatic),19.9,323.15,1,19.008823529411764,13-24 Months,0.060930112131523974,0,Low Risk,Routine engagement
Male,0,Yes,Yes,59,Yes,Yes,Fiber optic,Yes,Yes,No,Yes,Yes,Yes,Two year,Yes,Mailed check,111.1,6555.2,7,111.10508474576271,49+ Months,0.21214894911490664,0,Low Risk,Routine engagement
Male,0,Yes,Yes,13,Yes,Yes,Fiber optic,No,No,No,No,No,No,Month-to-month,Yes,Credit card (automatic),74.4,896.75,2,68.98076923076923,13-24 Months,0.6542584982416372,1,High Risk,Immediate retention intervention
Female,0,No,No,2,Yes,No,No,No internet service,No internet service,No internet service,No internet service,No internet service,No internet service,Month-to-month,Yes,Mailed check,20.45,42.45,1,21.225,0-6 Months,0.3808480032672796,0,Medium Risk,Proactive engagement
Female,0,Yes,No,67,Yes,No,No,No internet service,No internet service,No internet service,No internet service,No internet service,No internet service,Two year,No,Mailed check,19.65,1335.2,1,19.928358208955224,49+ Months,0.018147305900266412,0,Low Risk,Routine engagement
Female,0,No,No,17,Yes,No,No,No internet service,No internet service,No internet service,No internet service,No internet service,No internet service,One year,No,Credit card (automatic),20.05,337.9,1,19.876470588235293,13-24 Months,0.055967321722069474,0,Low Risk,Routine engagement
Male,0,Yes,No,71,Yes,Yes,DSL,Yes,Yes,Yes,Yes,No,Yes,Two year,Yes,Mailed check,80.1,5585.4,7,78.66760563380281,49+ Months,0.021618558132162992,0,Low Risk,Routine engagement
Female,0,Yes,Yes,17,Yes,No,Fiber optic,No,No,Yes,Yes,Yes,Yes,One year,No,Bank transfer (automatic),98.6,1704.95,5,100.29117647058824,13-24 Months,0.4051577253800219,0,Medium Risk,Proactive engagement
Male,0,No,No,1,Yes,No,Fiber optic,No,No,No,No,Yes,Yes,Month-to-month,Yes,Electronic check,89.55,89.55,3,89.55,0-6 Months,0.9339754481776126,1,High Risk,Immediate retention intervention
Female,0,Yes,Yes,6,Yes,No,No,No internet service,No internet service,No internet service,No internet service,No internet service,No internet service,One year,No,Mailed check,19.7,94.45,1,15.741666666666667,0-6 Months,0.04276227875027581,0,Low Risk,Routine engagement
Male,0,Yes,No,61,Yes,Yes,Fiber optic,No,Yes,Yes,Yes,Yes,Yes,Month-to-month,Yes,Electronic check,114.1,7132.15,7,116.92049180327868,49+ Months,0.45734126401459596,0,Medium Risk,Proactive engagement
Female,0,No,No,6,Yes,Yes,Fiber optic,No,No,No,No,No,No,Month-to-month,Yes,Mailed check,73.85,401.3,2,66.88333333333334,0-6 Months,0.8182351361482155,1,High Risk,Immediate retention intervention
Female,1,No,No,1,No,No phone service,DSL,No,No,No,No,No,No,Month-to-month,No,Mailed check,25.05,25.05,0,25.05,0-6 Months,0.7774274683221799,1,High Risk,Immediate retention intervention
Female,0,Yes,Yes,21,Yes,No,Fiber optic,No,Yes,Yes,Yes,Yes,Yes,Month-to-month,Yes,Electronic check,102.8,2110.15,6,100.48333333333333,13-24 Months,0.710557392878405,1,High Risk,Immediate retention intervention
Female,0,Yes,No,60,Yes,Yes,Fiber optic,No,Yes,Yes,Yes,Yes,Yes,Two year,Yes,Credit card (automatic),110.8,6640.7,7,110.67833333333333,49+ Months,0.32392225449027634,0,Medium Risk,Proactive engagement
Female,1,No,No,20,Yes,Yes,Fiber optic,No,No,No,No,No,Yes,Month-to-month,Yes,Credit card (automatic),85.8,1727.5,3,86.375,13-24 Months,0.7511306527610827,1,High Risk,Immediate retention intervention
Male,0,Yes,No,22,Yes,Yes,Fiber optic,Yes,No,No,Yes,Yes,No,Month-to-month,No,Credit card (automatic),95.9,2234.95,5,101.58863636363635,13-24 Months,0.4872018112603722,0,Medium Risk,Proactive engagement
Female,0,No,No,40,Yes,No,No,No internet service,No internet service,No internet service,No internet service,No internet service,No internet service,Two year,Yes,Bank transfer (automatic),20.6,827.3,1,20.682499999999997,25-48 Months,0.02733596099318608,0,Low Risk,Routine engagement
Male,0,No,No,23,Yes,Yes,Fiber optic,No,No,No,No,No,No,Month-to-month,Yes,Electronic check,74.95,1710.45,2,74.36739130434783,13-24 Months,0.7527726367499236,1,High Risk,Immediate retention intervention
Female,0,No,Yes,1,Yes,No,DSL,No,No,No,No,No,No,Month-to-month,No,Mailed check,45.95,45.95,1,45.95,0-6 Months,0.6713457314301451,1,High Risk,Immediate retention intervention
Male,0,No,No,46,No,No phone service,DSL,Yes,No,Yes,Yes,No,No,Two year,No,Mailed check,38.25,1755.35,3,38.15978260869565,25-48 Months,0.031224295285304276,0,Low Risk,Routine engagement
Female,0,Yes,Yes,5,Yes,No,Fiber optic,No,No,No,No,No,No,Month-to-month,No,Credit card (automatic),69.95,320.4,1,64.08,0-6 Months,0.7240253895512809,1,High Risk,Immediate retention intervention
Male,1,No,No,68,Yes,No,No,No internet service,No internet service,No internet service,No internet service,No internet service,No internet service,Two year,Yes,Credit card (automatic),20.0,1396.0,1,20.529411764705884,49+ Months,0.02847430714386004,0,Low Risk,Routine engagement
Female,1,No,No,1,No,No phone service,DSL,No,No,No,No,No,No,Month-to-month,Yes,Electronic check,25.2,25.2,0,25.2,0-6 Months,0.8958740559070199,1,High Risk,Immediate retention intervention
Female,0,Yes,No,2,Yes,No,No,No internet service,No internet service,No internet service,No internet service,No internet service,No internet service,Month-to-month,No,Bank transfer (automatic),20.1,43.15,1,21.575,0-6 Months,0.3952689743520693,0,Medium Risk,Proactive engagement
Female,1,No,No,14,Yes,Yes,Fiber optic,No,Yes,Yes,No,Yes,Yes,Month-to-month,Yes,Electronic check,104.85,1531.4,6,109.38571428571429,13-24 Months,0.8699567583097103,1,High Risk,Immediate retention intervention
Male,0,No,No,10,Yes,No,Fiber optic,No,No,No,No,No,No,Month-to-month,Yes,Electronic check,70.0,740.0,1,74.0,7-12 Months,0.7771507822207633,1,High Risk,Immediate retention intervention
Male,0,No,Yes,13,Yes,No,Fiber optic,No,No,No,No,Yes,No,Month-to-month,Yes,Credit card (automatic),78.3,1033.95,2,79.53461538461539,13-24 Months,0.6983718445149989,1,High Risk,Immediate retention intervention
Female,0,No,No,34,Yes,Yes,Fiber optic,Yes,Yes,Yes,No,Yes,Yes,Month-to-month,Yes,Mailed check,109.8,3587.25,7,105.50735294117646,25-48 Months,0.5750047668970198,1,Medium Risk,Proactive engagement
Male,0,Yes,Yes,18,Yes,No,DSL,No,No,Yes,No,No,Yes,Month-to-month,No,Electronic check,57.45,990.85,3,55.047222222222224,13-24 Months,0.42972858634466954,0,Medium Risk,Proactive engagement
Male,0,Yes,Yes,71,Yes,No,No,No internet service,No internet service,No internet service,No internet service,No internet service,No internet service,Two year,No,Credit card (automatic),19.7,1301.1,1,18.325352112676054,49+ Months,0.008773934177518738,0,Low Risk,Routine engagement
Female,0,Yes,No,70,Yes,Yes,Fiber optic,No,Yes,Yes,Yes,Yes,Yes,Two year,Yes,Electronic check,110.5,7752.05,7,110.74357142857143,49+ Months,0.3140727360233731,0,Medium Risk,Proactive engagement
Female,0,Yes,No,52,Yes,No,DSL,Yes,No,Yes,No,Yes,No,One year,Yes,Mailed check,64.3,3410.6,4,65.58846153846153,49+ Months,0.07316596883835379,0,Low Risk,Routine engagement
Male,0,Yes,Yes,68,Yes,No,Fiber optic,Yes,Yes,Yes,No,Yes,Yes,Two year,Yes,Bank transfer (automatic),105.25,7173.15,6,105.4875,49+ Months,0.1891161762967139,0,Low Risk,Routine engagement
Male,0,Yes,Yes,38,Yes,No,No,No internet service,No internet service,No internet service,No internet service,No internet service,No internet service,Month-to-month,No,Electronic check,19.6,717.3,1,18.876315789473683,25-48 Months,0.12666971987137235,0,Low Risk,Routine engagement
Female,0,Yes,Yes,58,Yes,Yes,No,No internet service,No internet service,No internet service,No internet service,No internet service,No internet service,One year,Yes,Credit card (automatic),24.5,1497.9,2,25.82586206896552,49+ Months,0.06543619256011662,0,Low Risk,Routine engagement
Male,0,No,No,3,Yes,No,Fiber optic,No,No,No,No,Yes,Yes,Month-to-month,No,Mailed check,90.7,237.65,3,79.21666666666667,0-6 Months,0.8189282662057278,1,High Risk,Immediate retention intervention
Male,0,Yes,No,14,Yes,No,DSL,No,No,No,Yes,No,No,Month-to-month,No,Bank transfer (automatic),48.8,664.4,2,47.457142857142856,13-24 Months,0.2938125400215635,0,Low Risk,Routine engagement
Male,0,No,No,2,No,No phone service,DSL,No,No,No,No,No,No,Month-to-month,Yes,Credit card (automatic),24.9,49.7,0,24.85,0-6 Months,0.7790928467416894,1,High Risk,Immediate retention intervention
Female,0,Yes,No,1,No,No phone service,DSL,No,No,No,No,No,No,Month-to-month,Yes,Electronic check,24.8,24.8,0,24.8,0-6 Months,0.8680624728004015,1,High Risk,Immediate retention intervention
Female,1,No,No,72,Yes,Yes,Fiber optic,Yes,Yes,Yes,Yes,No,Yes,Two year,Yes,Bank transfer (automatic),107.4,7748.75,7,107.62152777777777,49+ Months,0.06210103951635117,0,Low Risk,Routine engagement
Male,0,No,No,3,Yes,No,DSL,No,No,No,No,No,No,Month-to-month,Yes,Electronic check,43.3,123.65,1,41.21666666666667,0-6 Months,0.7189191037375811,1,High Risk,Immediate retention intervention
Female,0,No,No,13,Yes,Yes,Fiber optic,Yes,No,No,No,No,No,Month-to-month,Yes,Credit card (automatic),80.0,1029.35,3,79.18076923076923,13-24 Months,0.5880888504906215,1,Medium Risk,Proactive engagement
Male,1,Yes,Yes,72,Yes,No,Fiber optic,Yes,No,Yes,Yes,Yes,Yes,Two year,Yes,Credit card (automatic),104.1,7447.7,6,103.44027777777778,49+ Months,0.09480190374469052,0,Low Risk,Routine engagement
Male,0,Yes,No,58,Yes,No,No,No internet service,No internet service,No internet service,No internet service,No internet service,No internet service,Two year,No,Mailed check,20.75,1185.95,1,20.44741379310345,49+ Months,0.032278129589597554,0,Low Risk,Routine engagement
Male,1,Yes,No,71,Yes,No,Fiber optic,No,Yes,Yes,Yes,No,Yes,Two year,Yes,Credit card (automatic),95.5,6707.15,5,94.4669014084507,49+ Months,0.07488856500658145,0,Low Risk,Routine engagement
Female,0,No,No,1,Yes,No,Fiber optic,No,No,Yes,No,No,No,Month-to-month,No,Electronic check,76.35,76.35,2,76.35,0-6 Months,0.8670235199798301,1,High Risk,Immediate retention intervention
Female,0,Yes,Yes,54,Yes,Yes,DSL,Yes,Yes,Yes,Yes,Yes,Yes,Two year,No,Credit card (automatic),91.3,4965.0,8,91.94444444444444,49+ Months,0.04839715962924145,0,Low Risk,Routine engagement
Male,0,No,Yes,39,No,No phone service,DSL,Yes,No,No,Yes,Yes,No,One year,No,Bank transfer (automatic),45.05,1790.6,3,45.91282051282051,25-48 Months,0.042522792414306926,0,Low Risk,Routine engagement
Female,0,No,No,1,Yes,No,Fiber optic,No,No,No,No,No,No,Month-to-month,Yes,Electronic check,70.6,70.6,1,70.6,0-6 Months,0.9158586231412957,1,High Risk,Immediate retention intervention
Male,0,Yes,No,61,Yes,Yes,DSL,Yes,Yes,Yes,Yes,No,Yes,Two year,Yes,Bank transfer (automatic),80.8,4860.85,7,79.68606557377049,49+ Months,0.06403290098667139,0,Low Risk,Routine engagement
Female,0,Yes,Yes,25,Yes,No,Fiber optic,No,Yes,Yes,No,Yes,No,Month-to-month,Yes,Bank transfer (automatic),89.15,2257.75,4,90.31,25-48 Months,0.5890174467611363,1,Medium Risk,Proactive engagement
Female,0,No,No,37,Yes,Yes,Fiber optic,Yes,Yes,Yes,No,No,No,Month-to-month,No,Bank transfer (automatic),91.2,3382.3,5,91.41351351351352,25-48 Months,0.37219076208257873,0,Medium Risk,Proactive engagement
Female,1,No,No,26,Yes,No,Fiber optic,No,No,No,No,Yes,Yes,Month-to-month,Yes,Electronic check,91.25,2351.8,3,90.45384615384616,25-48 Months,0.7774435608163369,1,High Risk,Immediate retention intervention
Male,0,No,No,10,Yes,No,No,No internet service,No internet service,No internet service,No internet service,No internet service,No internet service,Month-to-month,No,Credit card (automatic),19.75,208.25,1,20.825,7-12 Months,0.24407306649376306,0,Low Risk,Routine engagement
Female,0,No,No,1,Yes,No,No,No internet service,No internet service,No internet service,No internet service,No internet service,No internet service,Month-to-month,No,Mailed check,20.4,20.4,1,20.4,0-6 Months,0.5142026211122303,0,Medium Risk,Proactive engagement
Female,1,Yes,No,24,No,No phone service,DSL,No,No,Yes,No,No,Yes,Month-to-month,Yes,Credit card (automatic),40.65,933.3,2,38.887499999999996,13-24 Months,0.5992275553405911,1,Medium Risk,Proactive engagement
Male,1,No,No,65,Yes,Yes,Fiber optic,Yes,No,Yes,Yes,Yes,Yes,Two year,Yes,Electronic check,110.35,7246.15,7,111.47923076923077,49+ Months,0.31718980009551534,0,Medium Risk,Proactive engagement
Male,0,No,No,23,Yes,No,DSL,No,No,No,No,Yes,Yes,One year,Yes,Bank transfer (automatic),64.9,1509.8,3,65.64347826086956,13-24 Months,0.2917052125858594,0,Low Risk,Routine engagement
Male,0,No,No,49,Yes,Yes,DSL,No,No,No,Yes,Yes,No,Two year,Yes,Bank transfer (automatic),66.15,3199.0,4,65.28571428571429,49+ Months,0.07158568269759467,0,Low Risk,Routine engagement
Female,1,No,No,42,Yes,Yes,DSL,No,No,Yes,No,No,No,Month-to-month,No,Electronic check,55.65,2421.75,3,57.660714285714285,25-48 Months,0.4147459659821855,0,Medium Risk,Proactive engagement
Female,0,No,No,8,Yes,No,No,No internet service,No internet service,No internet service,No internet service,No internet service,No internet service,Two year,No,Mailed check,20.85,161.65,1,20.20625,7-12 Months,0.023534437249020806,0,Low Risk,Routine engagement
Female,0,No,No,28,Yes,No,DSL,No,Yes,No,Yes,No,No,Month-to-month,No,Bank transfer (automatic),54.65,1517.5,3,54.19642857142857,25-48 Months,0.2176231405791698,0,Low Risk,Routine engagement
Male,0,No,No,71,Yes,Yes,DSL,Yes,Yes,Yes,Yes,No,Yes,Two year,No,Bank transfer (automatic),80.6,5708.2,7,80.39718309859154,49+ Months,0.02629725193806065,0,Low Risk,Routine engagement
Male,0,Yes,Yes,69,Yes,Yes,Fiber optic,No,No,Yes,No,Yes,Yes,Month-to-month,Yes,Credit card (automatic),99.45,7007.6,5,101.55942028985508,49+ Months,0.6827310646639346,1,High Risk,Immediate retention intervention
Male,0,Yes,Yes,68,Yes,Yes,Fiber optic,Yes,Yes,Yes,Yes,Yes,Yes,Two year,Yes,Bank transfer (automatic),114.7,7849.85,8,115.43897058823529,49+ Months,0.21778398151118017,0,Low Risk,Routine engagement
Female,0,Yes,No,64,Yes,Yes,Fiber optic,No,Yes,No,Yes,Yes,Yes,Two year,Yes,Bank transfer (automatic),105.4,6794.75,6,106.16796875,49+ Months,0.22237869570965776,0,Low Risk,Routine engagement
Female,1,No,No,3,Yes,No,Fiber optic,No,No,Yes,No,No,No,Month-to-month,No,Mailed check,75.05,202.9,2,67.63333333333334,0-6 Months,0.7537560303057355,1,High Risk,Immediate retention intervention
Female,0,Yes,Yes,66,Yes,No,DSL,No,No,No,Yes,No,No,One year,Yes,Credit card (automatic),49.4,3251.85,2,49.27045454545454,49+ Months,0.0648709120040278,0,Low Risk,Routine engagement
Male,0,No,No,28,Yes,No,No,No internet service,No internet service,No internet service,No internet service,No internet service,No internet service,One year,No,Credit card (automatic),18.25,534.7,1,19.09642857142857,25-48 Months,0.017799646039783238,0,Low Risk,Routine engagement
Male,0,Yes,No,67,Yes,No,Fiber optic,Yes,Yes,Yes,Yes,Yes,Yes,Two year,Yes,Electronic check,111.05,7321.05,7,109.26940298507463,49+ Months,0.22633935294188273,0,Low Risk,Routine engagement
Male,0,Yes,No,46,Yes,No,No,No internet service,No internet service,No internet service,No internet service,No internet service,No internet service,Month-to-month,No,Electronic check,19.6,851.2,1,18.504347826086956,25-48 Months,0.11889111229188395,0,Low Risk,Routine engagement
Male,0,Yes,No,55,Yes,Yes,Fiber optic,Yes,Yes,No,No,Yes,No,Month-to-month,Yes,Electronic check,96.75,5238.9,5,95.25272727272727,49+ Months,0.5509348068407682,1,Medium Risk,Proactive engagement
Male,0,No,No,22,Yes,No,Fiber optic,No,No,No,No,No,No,Month-to-month,Yes,Mailed check,69.7,1490.4,1,67.74545454545455,13-24 Months,0.5637665849161476,1,Medium Risk,Proactive engagement
Male,0,Yes,Yes,18,Yes,No,Fiber optic,Yes,No,Yes,No,Yes,No,Month-to-month,Yes,Mailed check,87.9,1500.5,4,83.36111111111111,13-24 Months,0.5295539938484175,0,Medium Risk,Proactive engagement
Male,0,Yes,No,46,No,No phone service,DSL,Yes,No,Yes,Yes,No,No,Two year,No,Credit card (automatic),40.4,1842.7,3,40.05869565217392,25-48 Months,0.031900721952529666,0,Low Risk,Routine engagement
Female,0,Yes,No,10,Yes,Yes,Fiber optic,Yes,No,No,No,No,No,Month-to-month,Yes,Credit card (automatic),78.15,765.15,3,76.515,7-12 Months,0.6023115896139924,1,High Risk,Immediate retention intervention
Male,0,Yes,No,72,Yes,Yes,Fiber optic,No,Yes,No,No,Yes,Yes,Two year,Yes,Electronic check,99.4,7285.7,5,101.19027777777778,49+ Months,0.3098613443303068,0,Medium Risk,Proactive engagement
Male,0,No,No,16,Yes,Yes,DSL,No,Yes,No,No,No,No,Month-to-month,No,Electronic check,55.3,875.35,3,54.709375,13-24 Months,0.47635125198500045,0,Medium Risk,Proactive engagement
Male,1,No,No,3,Yes,Yes,Fiber optic,No,No,No,No,No,No,Month-to-month,Yes,Electronic check,77.0,237.75,2,79.25,0-6 Months,0.9032197731908314,1,High Risk,Immediate retention intervention
Male,0,Yes,Yes,21,No,No phone service,DSL,No,No,No,No,No,No,Month-to-month,Yes,Electronic check,26.05,565.75,0,26.94047619047619,13-24 Months,0.485642439403658,0,Medium Risk,Proactive engagement
Male,0,No,No,5,Yes,No,Fiber optic,No,No,No,No,No,Yes,Month-to-month,No,Mailed check,78.75,426.35,2,85.27000000000001,0-6 Months,0.7810282455854713,1,High Risk,Immediate retention intervention
Female,0,No,No,1,No,No phone service,DSL,No,Yes,No,No,No,No,Month-to-month,No,Bank transfer (automatic),29.95,29.95,1,29.95,0-6 Months,0.7005567488106288,1,High Risk,Immediate retention intervention
Female,0,No,No,1,Yes,No,DSL,No,No,No,No,No,No,Month-to-month,Yes,Mailed check,45.4,45.4,1,45.4,0-6 Months,0.7569535320609686,1,High Risk,Immediate retention intervention
Male,1,Yes,No,36,Yes,Yes,Fiber optic,No,No,No,No,No,Yes,Month-to-month,Yes,Credit card (automatic),85.25,3132.75,3,87.02083333333333,25-48 Months,0.7015640764788972,1,High Risk,Immediate retention intervention
Male,0,Yes,No,64,Yes,No,Fiber optic,Yes,Yes,No,Yes,Yes,Yes,Two year,Yes,Credit card (automatic),104.05,6605.55,6,103.21171875,49+ Months,0.18230620929752953,0,Low Risk,Routine engagement
Male,1,Yes,No,30,Yes,Yes,DSL,No,No,Yes,No,Yes,Yes,Two year,No,Electronic check,74.85,2181.75,5,72.725,25-48 Months,0.17296408320330706,0,Low Risk,Routine engagement
Female,0,Yes,Yes,72,Yes,No,No,No internet service,No internet service,No internet service,No internet service,No internet service,No internet service,Two year,No,Bank transfer (automatic),19.55,1463.45,1,20.325694444444444,49+ Months,0.004743386504078608,0,Low Risk,Routine engagement
Male,0,Yes,Yes,46,Yes,No,No,No internet service,No internet service,No internet service,No internet service,No internet service,No internet service,Two year,Yes,Mailed check,20.1,936.85,1,20.366304347826087,25-48 Months,0.017194385576976397,0,Low Risk,Routine engagement
Female,0,Yes,No,45,Yes,No,Fiber optic,No,No,No,Yes,Yes,Yes,Two year,Yes,Credit card (automatic),95.2,4285.8,4,95.24000000000001,25-48 Months,0.11483616972950693,0,Low Risk,Routine engagement
Female,0,No,No,2,Yes,No,No,No internet service,No internet service,No internet service,No internet service,No internet service,No internet service,Month-to-month,No,Mailed check,20.65,38.7,1,19.35,0-6 Months,0.39464972422678857,0,Medium Risk,Proactive engagement
Female,0,No,No,34,Yes,No,DSL,Yes,Yes,No,No,No,No,One year,No,Mailed check,55.0,1885.15,3,55.44558823529412,25-48 Months,0.08870791874720416,0,Low Risk,Routine engagement
Female,0,Yes,No,54,Yes,Yes,Fiber optic,Yes,Yes,No,No,Yes,Yes,One year,No,Bank transfer (automatic),106.55,5763.3,6,106.72777777777777,49+ Months,0.30805577889860625,0,Medium Risk,Proactive engagement
Male,0,No,No,21,Yes,No,No,No internet service,No internet service,No internet service,No internet service,No internet service,No internet service,Month-to-month,Yes,Mailed check,19.95,416.4,1,19.82857142857143,13-24 Months,0.1614339436861376,0,Low Risk,Routine engagement
Male,0,Yes,No,65,Yes,Yes,DSL,Yes,No,Yes,Yes,No,Yes,Two year,No,Bank transfer (automatic),76.15,4929.55,6,75.83923076923077,49+ Months,0.07019259794551717,0,Low Risk,Routine engagement
Female,0,Yes,No,20,Yes,No,Fiber optic,No,No,No,No,No,No,Month-to-month,Yes,Bank transfer (automatic),69.8,1540.35,1,77.0175,13-24 Months,0.5524955251894226,1,Medium Risk,Proactive engagement
Male,0,No,No,1,Yes,No,Fiber optic,No,No,No,No,Yes,No,Month-to-month,Yes,Electronic check,79.5,79.5,2,79.5,0-6 Months,0.9302782722252603,1,High Risk,Immediate retention intervention
Male,0,Yes,Yes,42,Yes,Yes,DSL,Yes,Yes,No,No,Yes,No,Month-to-month,Yes,Bank transfer (automatic),69.4,3058.3,5,72.81666666666668,25-48 Months,0.1960814264665633,0,Low Risk,Routine engagement
Male,0,No,No,1,Yes,No,No,No internet service,No internet service,No internet service,No internet service,No internet service,No internet service,Month-to-month,No,Mailed check,19.4,19.4,1,19.4,0-6 Months,0.5820476163242609,1,Medium Risk,Proactive engagement
Female,0,Yes,No,20,Yes,No,Fiber optic,Yes,Yes,No,Yes,Yes,No,Month-to-month,Yes,Electronic check,96.55,1901.65,5,95.08250000000001,13-24 Months,0.6587808059703475,1,High Risk,Immediate retention intervention
Male,0,No,No,11,Yes,No,Fiber optic,No,No,No,No,No,No,Month-to-month,No,Electronic check,70.2,760.05,1,69.09545454545454,7-12 Months,0.7249824506459233,1,High Risk,Immediate retention intervention
Female,0,Yes,No,61,Yes,Yes,No,No internet service,No internet service,No internet service,No internet service,No internet service,No internet service,Two year,No,Bank transfer (automatic),25.3,1554.9,2,25.49016393442623,49+ Months,0.03748819600503832,0,Low Risk,Routine engagement
Female,0,Yes,No,64,Yes,Yes,No,No internet service,No internet service,No internet service,No internet service,No internet service,No internet service,Two year,No,Credit card (automatic),25.0,1584.8,2,24.7625,49+ Months,0.03219816113383807,0,Low Risk,Routine engagement
Female,1,Yes,No,25,Yes,No,Fiber optic,No,Yes,Yes,No,No,Yes,Month-to-month,No,Bank transfer (automatic),88.4,2191.15,4,87.646,25-48 Months,0.5751389801393426,1,Medium Risk,Proactive engagement
Female,0,No,No,44,Yes,Yes,DSL,No,No,No,No,No,No,Month-to-month,Yes,Mailed check,50.15,2139.1,2,48.61590909090909,25-48 Months,0.2812924947169274,0,Low Risk,Routine engagement
Female,0,Yes,No,5,Yes,No,Fiber optic,No,No,No,No,No,No,Month-to-month,No,Electronic check,69.95,330.15,1,66.03,0-6 Months,0.7497039235958532,1,High Risk,Immediate retention intervention
Female,1,Yes,Yes,48,No,No phone service,DSL,No,Yes,No,No,No,No,One year,No,Bank transfer (automatic),29.9,1388.75,1,28.932291666666668,25-48 Months,0.2128409333492484,0,Low Risk,Routine engagement
Male,0,No,No,6,Yes,Yes,Fiber optic,No,No,No,No,No,No,Month-to-month,Yes,Electronic check,74.9,469.8,2,78.3,0-6 Months,0.8721004131998377,1,High Risk,Immediate retention intervention
Male,0,Yes,No,4,Yes,No,DSL,No,No,No,Yes,No,No,Month-to-month,No,Mailed check,50.05,179.35,2,44.8375,0-6 Months,0.43483611282604057,0,Medium Risk,Proactive engagement
Male,0,Yes,Yes,72,Yes,No,No,No internet service,No internet service,No internet service,No internet service,No internet service,No internet service,Two year,No,Bank transfer (automatic),19.95,1322.85,1,18.372916666666665,49+ Months,0.005442285547617507,0,Low Risk,Routine engagement
Male,0,No,No,54,Yes,Yes,Fiber optic,No,No,Yes,No,No,Yes,Month-to-month,No,Credit card (automatic),89.4,4869.5,4,90.17592592592592,49+ Months,0.47421236294309216,0,Medium Risk,Proactive engagement
Female,0,Yes,Yes,66,Yes,Yes,DSL,Yes,Yes,Yes,No,No,No,Month-to-month,Yes,Bank transfer (automatic),67.45,4508.65,5,68.31287878787879,49+ Months,0.14065982051900913,0,Low Risk,Routine engagement
Male,0,No,No,3,Yes,No,DSL,No,Yes,No,No,No,No,Month-to-month,Yes,Mailed check,49.9,130.1,2,43.36666666666667,0-6 Months,0.6418082416205937,1,High Risk,Immediate retention intervention
Male,0,No,No,19,Yes,No,DSL,No,Yes,No,Yes,No,Yes,One year,Yes,Bank transfer (automatic),65.35,1231.85,4,64.83421052631579,13-24 Months,0.29804311454055366,0,Low Risk,Routine engagement
Male,0,Yes,Yes,61,Yes,Yes,DSL,No,No,Yes,Yes,Yes,Yes,Two year,Yes,Bank transfer (automatic),81.0,4976.15,6,81.57622950819672,49+ Months,0.06621447496260975,0,Low Risk,Routine engagement
Male,0,No,No,54,Yes,No,Fiber optic,Yes,No,Yes,No,Yes,No,Month-to-month,No,Mailed check,89.8,4667.0,4,86.42592592592592,49+ Months,0.28744695204105825,0,Low Risk,Routine engagement
Female,0,No,No,1,Yes,No,DSL,No,Yes,No,No,No,No,Month-to-month,No,Electronic check,49.95,49.95,2,49.95,0-6 Months,0.7013145798338813,1,High Risk,Immediate retention intervention
Male,1,No,No,19,Yes,Yes,Fiber optic,No,No,Yes,No,No,No,Month-to-month,Yes,Electronic check,79.85,1471.75,3,77.46052631578948,13-24 Months,0.7824463287671074,1,High Risk,Immediate retention intervention
Male,0,Yes,No,24,Yes,No,No,No internet service,No internet service,No internet service,No internet service,No internet service,No internet service,Two year,No,Mailed check,19.75,483.15,1,20.131249999999998,13-24 Months,0.015754111569558932,0,Low Risk,Routine engagement
Female,1,No,Yes,33,Yes,Yes,Fiber optic,No,Yes,Yes,No,Yes,Yes,Month-to-month,Yes,Bank transfer (automatic),105.35,3465.05,6,105.00151515151515,25-48 Months,0.7477212930626377,1,High Risk,Immediate retention intervention
Female,0,Yes,No,31,Yes,No,Fiber optic,No,Yes,No,No,No,Yes,Month-to-month,Yes,Bank transfer (automatic),83.85,2674.15,3,86.26290322580645,25-48 Months,0.6252127891755952,1,High Risk,Immediate retention intervention
Male,0,Yes,No,59,No,No phone service,DSL,No,No,No,No,Yes,Yes,Month-to-month,Yes,Electronic check,44.3,2666.75,2,45.19915254237288,49+ Months,0.5675099168535587,1,Medium Risk,Proactive engagement
Female,1,Yes,No,20,Yes,No,Fiber optic,No,No,No,No,Yes,Yes,One year,Yes,Bank transfer (automatic),91.0,1859.5,3,92.975,13-24 Months,0.36708436000757044,0,Medium Risk,Proactive engagement
Male,1,Yes,No,60,Yes,Yes,Fiber optic,No,No,No,Yes,Yes,Yes,Month-to-month,Yes,Electronic check,99.0,6017.9,5,100.29833333333333,49+ Months,0.6743322934502294,1,High Risk,Immediate retention intervention
Male,0,No,Yes,18,Yes,Yes,Fiber optic,No,No,Yes,No,No,No,Month-to-month,Yes,Credit card (automatic),80.55,1406.65,3,78.14722222222223,13-24 Months,0.6020763681969418,1,High Risk,Immediate retention intervention
Female,0,No,Yes,19,Yes,No,DSL,Yes,Yes,Yes,No,No,No,Month-to-month,Yes,Electronic check,60.6,1297.8,4,68.30526315789473,13-24 Months,0.39199262185533645,0,Medium Risk,Proactive engagement
Female,0,Yes,Yes,24,Yes,No,No,No internet service,No internet service,No internet service,No internet service,No internet service,No internet service,Two year,No,Mailed check,19.7,452.55,1,18.85625,13-24 Months,0.020003093465009742,0,Low Risk,Routine engagement
Female,0,Yes,Yes,9,Yes,No,No,No internet service,No internet service,No internet service,No internet service,No internet service,No internet service,One year,No,Mailed check,20.25,172.35,1,19.15,7-12 Months,0.05578203929278184,0,Low Risk,Routine engagement
Female,0,Yes,Yes,33,Yes,Yes,No,No internet service,No internet service,No internet service,No internet service,No internet service,No internet service,Month-to-month,No,Bank transfer (automatic),24.25,838.5,2,25.40909090909091,25-48 Months,0.22212665001612586,0,Low Risk,Routine engagement
Female,0,No,No,2,Yes,No,No,No internet service,No internet service,No internet service,No internet service,No internet service,No internet service,Month-to-month,No,Mailed check,19.4,61.05,1,30.525,0-6 Months,0.3274868826488559,0,Medium Risk,Proactive engagement
Male,0,Yes,No,67,Yes,Yes,Fiber optic,No,Yes,Yes,No,No,Yes,Two year,Yes,Electronic check,93.15,6368.2,5,95.04776119402985,49+ Months,0.2976413540989727,0,Low Risk,Routine engagement
Female,0,No,No,52,Yes,No,DSL,Yes,No,No,No,No,No,Month-to-month,Yes,Bank transfer (automatic),49.75,2535.55,2,48.760576923076925,49+ Months,0.1954307382324767,0,Low Risk,Routine engagement
Female,0,No,No,5,Yes,No,No,No internet service,No internet service,No internet service,No internet service,No internet service,No internet service,Month-to-month,Yes,Credit card (automatic),19.65,92.05,1,18.41,0-6 Months,0.271921365435585,0,Low Risk,Routine engagement
Female,0,Yes,Yes,1,Yes,No,No,No internet service,No internet service,No internet service,No internet service,No internet service,No internet service,Month-to-month,Yes,Mailed check,19.4,19.4,1,19.4,0-6 Months,0.6519766234443642,1,High Risk,Immediate retention intervention
Male,0,No,No,67,Yes,No,No,No internet service,No internet service,No internet service,No internet service,No internet service,No internet service,Two year,Yes,Mailed check,19.8,1311.3,1,19.571641791044776,49+ Months,0.022887288848502326,0,Low Risk,Routine engagement
Female,0,No,No,63,Yes,Yes,Fiber optic,No,Yes,No,No,Yes,Yes,One year,No,Bank transfer (automatic),99.9,6137.0,5,97.41269841269842,49+ Months,0.33293233793025323,0,Medium Risk,Proactive engagement
Male,1,No,No,2,Yes,No,DSL,No,No,Yes,No,No,No,Month-to-month,No,Mailed check,49.95,107.1,2,53.55,0-6 Months,0.6546938844006062,1,High Risk,Immediate retention intervention
Male,1,Yes,No,25,Yes,Yes,Fiber optic,Yes,No,No,No,No,Yes,One year,Yes,Electronic check,89.05,2177.45,4,87.098,25-48 Months,0.3820355944948368,0,Medium Risk,Proactive engagement
Male,0,No,No,19,Yes,No,No,No internet service,No internet service,No internet service,No internet service,No internet service,No internet service,Two year,Yes,Mailed check,19.95,373.5,1,19.657894736842106,13-24 Months,0.019880569817745088,0,Low Risk,Routine engagement
Male,0,No,Yes,62,Yes,No,DSL,Yes,Yes,No,No,No,No,One year,No,Bank transfer (automatic),56.15,3487.95,3,56.25725806451613,49+ Months,0.07786031023739581,0,Low Risk,Routine engagement
Male,1,No,No,23,No,No phone service,DSL,No,No,No,No,No,Yes,Month-to-month,Yes,Bank transfer (automatic),34.65,768.45,1,33.410869565217396,13-24 Months,0.6101981847776239,1,High Risk,Immediate retention intervention
Male,0,Yes,No,70,Yes,No,DSL,Yes,Yes,Yes,Yes,No,No,Two year,No,Credit card (automatic),64.95,4523.25,5,64.61785714285715,49+ Months,0.036765243996157326,0,Low Risk,Routine engagement
Male,0,No,No,29,Yes,No,Fiber optic,No,No,No,Yes,Yes,Yes,Month-to-month,Yes,Electronic check,94.2,2607.6,4,89.91724137931034,25-48 Months,0.587487100168454,1,Medium Risk,Proactive engagement
Male,0,Yes,No,32,Yes,Yes,Fiber optic,No,No,Yes,No,No,No,Month-to-month,Yes,Electronic check,78.9,2447.95,3,76.4984375,25-48 Months,0.71826593039512,1,High Risk,Immediate retention intervention
Female,0,No,No,31,Yes,Yes,DSL,Yes,No,Yes,Yes,No,No,Month-to-month,No,Credit card (automatic),65.25,1994.3,5,64.33225806451613,25-48 Months,0.125678586380894,0,Low Risk,Routine engagement
Female,0,No,No,59,Yes,No,Fiber optic,No,No,Yes,No,Yes,Yes,Two year,No,Electronic check,95.8,5655.45,4,95.85508474576271,49+ Months,0.257315740390322,0,Low Risk,Routine engagement
Male,0,No,No,32,Yes,No,DSL,No,No,No,No,Yes,Yes,One year,Yes,Bank transfer (automatic),64.85,2010.95,3,62.8421875,25-48 Months,0.2573979089114328,0,Low Risk,Routine engagement
Male,0,Yes,No,17,No,No phone service,DSL,No,Yes,No,No,Yes,Yes,Month-to-month,Yes,Mailed check,49.8,836.35,3,49.19705882352941,13-24 Months,0.6021771772300822,1,High Risk,Immediate retention intervention
Male,0,No,No,26,Yes,No,No,No internet service,No internet service,No internet service,No internet service,No internet service,No internet service,Month-to-month,No,Mailed check,20.9,518.3,1,19.934615384615384,25-48 Months,0.13282918671738866,0,Low Risk,Routine engagement
Male,0,No,No,12,Yes,Yes,Fiber optic,No,No,No,No,Yes,Yes,Month-to-month,No,Electronic check,94.55,1173.55,4,97.79583333333333,7-12 Months,0.8830112271777469,1,High Risk,Immediate retention intervention
Male,0,Yes,Yes,61,Yes,No,Fiber optic,No,Yes,No,Yes,Yes,Yes,One year,Yes,Bank transfer (automatic),98.45,6145.2,5,100.74098360655738,49+ Months,0.35675088471381705,0,Medium Risk,Proactive engagement
Female,0,Yes,No,71,Yes,No,No,No internet service,No internet service,No internet service,No internet service,No internet service,No internet service,Two year,No,Mailed check,19.6,1416.5,1,19.950704225352112,49+ Months,0.009227533957625168,0,Low Risk,Routine engagement
Female,0,No,No,9,Yes,No,No,No internet service,No internet service,No internet service,No internet service,No internet service,No internet service,Month-to-month,Yes,Credit card (automatic),20.45,147.55,1,16.394444444444446,7-12 Months,0.21541157931343802,0,Low Risk,Routine engagement
Male,1,Yes,No,24,Yes,Yes,Fiber optic,No,Yes,Yes,No,Yes,Yes,Month-to-month,Yes,Electronic check,104.25,2433.9,6,101.41250000000001,13-24 Months,0.8544619514558424,1,High Risk,Immediate retention intervention
Female,1,No,No,7,Yes,No,Fiber optic,No,No,No,No,Yes,Yes,Month-to-month,Yes,Electronic check,89.15,574.35,3,82.05,7-12 Months,0.8693404863021449,1,High Risk,Immediate retention intervention
Male,0,No,Yes,41,Yes,No,Fiber optic,Yes,Yes,Yes,Yes,Yes,Yes,Two year,Yes,Electronic check,111.15,4507.15,7,109.93048780487804,25-48 Months,0.14825115333559213,0,Low Risk,Routine engagement
Male,0,Yes,Yes,20,Yes,No,Fiber optic,No,No,No,No,Yes,Yes,Month-to-month,Yes,Electronic check,90.2,1776.55,3,88.8275,13-24 Months,0.7662902866136676,1,High Risk,Immediate retention intervention
Male,0,Yes,No,33,Yes,No,Fiber optic,No,No,No,No,Yes,Yes,Month-to-month,No,Electronic check,91.25,2964.05,3,89.81969696969698,25-48 Months,0.6411520611239965,1,High Risk,Immediate retention intervention
Male,0,No,No,56,Yes,No,DSL,No,Yes,Yes,Yes,Yes,Yes,Two year,Yes,Credit card (automatic),81.8,4534.45,6,80.97232142857142,49+ Months,0.08980583676767669,0,Low Risk,Routine engagement
Male,0,Yes,Yes,1,Yes,Yes,Fiber optic,No,No,No,No,No,No,Month-to-month,Yes,Electronic check,74.5,74.5,2,74.5,0-6 Months,0.9236588343759785,1,High Risk,Immediate retention intervention
Male,0,No,No,4,Yes,Yes,Fiber optic,No,No,No,No,No,No,Month-to-month,Yes,Electronic check,76.05,318.9,2,79.725,0-6 Months,0.8882436206144455,1,High Risk,Immediate retention intervention
Female,0,No,No,54,Yes,Yes,Fiber optic,No,Yes,Yes,Yes,Yes,Yes,Month-to-month,No,Electronic check,111.1,6014.85,7,111.38611111111112,49+ Months,0.4162294133465833,0,Medium Risk,Proactive engagement
Female,0,Yes,Yes,8,Yes,No,DSL,No,No,No,Yes,Yes,Yes,Month-to-month,Yes,Electronic check,68.55,564.35,4,70.54375,7-12 Months,0.5279411531831084,0,Medium Risk,Proactive engagement
Male,0,Yes,No,58,No,No phone service,DSL,No,No,No,No,Yes,Yes,One year,Yes,Credit card (automatic),45.0,2689.35,2,46.36810344827586,49+ Months,0.260940071982648,0,Low Risk,Routine engagement
Male,0,Yes,No,34,Yes,Yes,Fiber optic,No,No,Yes,No,Yes,Yes,Month-to-month,No,Electronic check,100.85,3527.3,5,103.74411764705883,25-48 Months,0.725856465213508,1,High Risk,Immediate retention intervention
Female,1,No,No,2,No,No phone service,DSL,No,No,Yes,No,No,No,Month-to-month,Yes,Electronic check,30.4,78.65,1,39.325,0-6 Months,0.8416426879147317,1,High Risk,Immediate retention intervention
Male,0,No,Yes,25,Yes,No,Fiber optic,No,Yes,No,No,Yes,Yes,Month-to-month,Yes,Electronic check,95.9,2448.75,4,97.95,25-48 Months,0.7268839027155021,1,High Risk,Immediate retention intervention
Female,0,Yes,No,68,Yes,Yes,Fiber optic,No,No,Yes,No,Yes,No,Two year,Yes,Bank transfer (automatic),89.95,5974.3,4,87.85735294117647,49+ Months,0.17439952480905158,0,Low Risk,Routine engagement
Female,0,Yes,No,71,Yes,Yes,Fiber optic,No,Yes,Yes,No,Yes,Yes,Two year,Yes,Bank transfer (automatic),105.15,7555.0,6,106.40845070422536,49+ Months,0.3615111834728182,0,Medium Risk,Proactive engagement
Female,0,No,Yes,1,Yes,No,DSL,No,No,Yes,No,No,Yes,Month-to-month,No,Electronic check,59.2,59.2,3,59.2,0-6 Months,0.7451617772676612,1,High Risk,Immediate retention intervention
Male,0,No,No,13,Yes,Yes,Fiber optic,Yes,No,No,No,Yes,Yes,Month-to-month,No,Mailed check,98.15,1230.25,5,94.63461538461539,13-24 Months,0.6795319652065085,1,High Risk,Immediate retention intervention
Male,0,Yes,Yes,5,Yes,Yes,Fiber optic,Yes,No,Yes,No,No,No,Month-to-month,Yes,Electronic check,84.5,453.75,4,90.75,0-6 Months,0.7449596596072349,1,High Risk,Immediate retention intervention
Female,0,No,No,22,Yes,No,No,No internet service,No internet service,No internet service,No internet service,No internet service,No internet service,One year,No,Bank transfer (automatic),20.85,450.65,1,20.48409090909091,13-24 Months,0.06398366020864146,0,Low Risk,Routine engagement
Female,0,Yes,Yes,10,Yes,Yes,No,No internet service,No internet service,No internet service,No internet service,No internet service,No internet service,Two year,No,Credit card (automatic),26.1,225.55,2,22.555,7-12 Months,0.03233807878751347,0,Low Risk,Routine engagement
Male,1,Yes,No,55,Yes,Yes,Fiber optic,No,No,No,No,No,No,Month-to-month,Yes,Electronic check,74.0,4052.4,2,73.68,49+ Months,0.6354125146680605,1,High Risk,Immediate retention intervention
Female,0,Yes,Yes,27,Yes,No,No,No internet service,No internet service,No internet service,No internet service,No internet service,No internet service,One year,Yes,Mailed check,20.55,583.3,1,21.6037037037037,25-48 Months,0.04242377669997817,0,Low Risk,Routine engagement
Female,0,No,No,10,Yes,No,No,No internet service,No internet service,No internet service,No internet service,No internet service,No internet service,Month-to-month,No,Mailed check,18.85,163.2,1,16.32,7-12 Months,0.044252570074901944,0,Low Risk,Routine engagement
Male,0,No,No,23,Yes,No,No,No internet service,No internet service,No internet service,No internet service,No internet service,No internet service,Month-to-month,No,Electronic check,20.85,473.9,1,20.604347826086954,13-24 Months,0.16719621482080563,0,Low Risk,Routine engagement
Male,0,Yes,Yes,70,Yes,Yes,DSL,No,Yes,Yes,Yes,Yes,Yes,Two year,Yes,Electronic check,84.1,5979.7,7,85.42428571428572,49+ Months,0.08174495625072387,0,Low Risk,Routine engagement
Female,0,No,Yes,5,Yes,No,DSL,No,No,No,No,No,No,Month-to-month,No,Mailed check,46.0,221.7,1,44.339999999999996,0-6 Months,0.5006944684989101,0,Medium Risk,Proactive engagement
Female,0,No,No,24,Yes,No,No,No internet service,No internet service,No internet service,No internet service,No internet service,No internet service,Two year,Yes,Bank transfer (automatic),19.55,470.2,1,19.591666666666665,13-24 Months,0.031576682471826996,0,Low Risk,Routine engagement
Female,0,No,No,8,Yes,No,No,No internet service,No internet service,No internet service,No internet service,No internet service,No internet service,One year,Yes,Bank transfer (automatic),20.2,140.95,1,17.61875,7-12 Months,0.06558874929430891,0,Low Risk,Routine engagement
Male,0,Yes,No,19,Yes,Yes,Fiber optic,Yes,Yes,No,Yes,No,No,Month-to-month,Yes,Credit card (automatic),88.8,1672.35,5,88.01842105263158,13-24 Months,0.4602644773013235,0,Medium Risk,Proactive engagement
Male,1,Yes,No,43,Yes,No,Fiber optic,No,Yes,Yes,No,Yes,Yes,One year,Yes,Bank transfer (automatic),100.55,4304.0,5,100.09302325581395,25-48 Months,0.4785451575161844,0,Medium Risk,Proactive engagement
Male,1,No,No,67,Yes,Yes,Fiber optic,No,No,Yes,No,Yes,Yes,Month-to-month,Yes,Credit card (automatic),101.4,6841.05,5,102.10522388059702,49+ Months,0.7260753552945622,1,High Risk,Immediate retention intervention
Male,0,No,No,4,Yes,No,DSL,No,No,No,No,No,Yes,Month-to-month,Yes,Mailed check,55.3,238.5,2,59.625,0-6 Months,0.609681059922749,1,High Risk,Immediate retention intervention
Male,0,Yes,No,59,Yes,Yes,Fiber optic,Yes,Yes,Yes,Yes,Yes,Yes,Two year,No,Electronic check,113.75,6561.25,8,111.20762711864407,49+ Months,0.24784428340332482,0,Low Risk,Routine engagement
Male,0,Yes,No,72,Yes,Yes,No,No internet service,No internet service,No internet service,No internet service,No internet service,No internet service,Two year,No,Mailed check,25.4,1710.9,2,23.762500000000003,49+ Months,0.009071615261525294,0,Low Risk,Routine engagement
Male,0,No,Yes,19,Yes,No,No,No internet service,No internet service,No internet service,No internet service,No internet service,No internet service,Month-to-month,Yes,Electronic check,20.0,377.55,1,19.871052631578948,13-24 Months,0.2051380979040789,0,Low Risk,Routine engagement
Female,0,No,No,1,Yes,No,Fiber optic,No,No,Yes,No,No,No,Month-to-month,No,Bank transfer (automatic),73.5,73.5,2,73.5,0-6 Months,0.8506287759279706,1,High Risk,Immediate retention intervention
Female,0,Yes,Yes,30,No,No phone service,DSL,No,No,No,Yes,Yes,Yes,Month-to-month,No,Credit card (automatic),51.2,1561.5,3,52.05,25-48 Months,0.22741909664398258,0,Low Risk,Routine engagement
Female,0,Yes,No,2,Yes,No,Fiber optic,Yes,No,No,No,No,No,Month-to-month,Yes,Electronic check,74.4,139.4,2,69.7,0-6 Months,0.7571004669510085,1,High Risk,Immediate retention intervention
Male,0,Yes,Yes,60,Yes,No,DSL,Yes,Yes,Yes,Yes,No,No,One year,Yes,Bank transfer (automatic),65.85,3928.3,5,65.47166666666666,49+ Months,0.07533368634929627,0,Low Risk,Routine engagement
Male,0,No,No,44,Yes,Yes,Fiber optic,Yes,Yes,Yes,No,Yes,Yes,Month-to-month,Yes,Electronic check,111.5,4915.15,7,111.70795454545454,25-48 Months,0.6609681719082662,1,High Risk,Immediate retention intervention
Female,0,No,No,1,Yes,No,DSL,No,Yes,No,No,No,No,Month-to-month,Yes,Electronic check,48.6,48.6,2,48.6,0-6 Months,0.7774190814209513,1,High Risk,Immediate retention intervention
Male,0,Yes,No,3,No,No phone service,DSL,No,No,No,Yes,No,No,Month-to-month,Yes,Electronic check,29.9,92.25,1,30.75,0-6 Months,0.6804536716661973,1,High Risk,Immediate retention intervention
Male,1,Yes,No,71,Yes,Yes,No,No internet service,No internet service,No internet service,No internet service,No internet service,No internet service,Two year,No,Bank transfer (automatic),24.85,1901.0,2,26.774647887323944,49+ Months,0.01850792776981705,0,Low Risk,Routine engagement
Female,0,No,No,2,Yes,No,DSL,No,Yes,No,No,No,No,Month-to-month,No,Mailed check,49.2,103.7,2,51.85,0-6 Months,0.5744989788341477,1,Medium Risk,Proactive engagement
Female,0,No,No,1,No,No phone service,DSL,No,No,No,No,No,No,One year,No,Mailed check,25.85,25.85,0,25.85,0-6 Months,0.5380478120462303,0,Medium Risk,Proactive engagement
Female,0,Yes,Yes,72,Yes,Yes,Fiber optic,Yes,Yes,Yes,Yes,Yes,Yes,Two year,Yes,Electronic check,115.5,8425.15,8,117.01597222222222,49+ Months,0.031226022189375657,0,Low Risk,Routine engagement
Female,0,No,No,6,Yes,No,Fiber optic,No,Yes,No,No,No,Yes,Month-to-month,Yes,Mailed check,85.95,514.6,3,85.76666666666667,0-6 Months,0.8478025414250048,1,High Risk,Immediate retention intervention
Female,0,No,No,1,Yes,No,Fiber optic,No,No,Yes,No,Yes,No,Month-to-month,Yes,Credit card (automatic),85.55,85.55,3,85.55,0-6 Months,0.9153674643765061,1,High Risk,Immediate retention intervention
Male,1,No,No,20,Yes,No,Fiber optic,No,No,No,No,Yes,Yes,Month-to-month,No,Electronic check,89.95,1648.45,3,82.4225,13-24 Months,0.7349222650376085,1,High Risk,Immediate retention intervention
Male,0,No,No,1,Yes,No,Fiber optic,No,No,No,No,Yes,Yes,Month-to-month,Yes,Electronic check,88.35,88.35,3,88.35,0-6 Months,0.9327889379288447,1,High Risk,Immediate retention intervention
Male,0,No,No,12,Yes,No,No,No internet service,No internet service,No internet service,No internet service,No internet service,No internet service,Month-to-month,No,Credit card (automatic),20.05,265.45,1,22.120833333333334,7-12 Months,0.23002319825747167,0,Low Risk,Routine engagement
Male,0,No,No,9,No,No phone service,DSL,No,No,No,No,No,No,Month-to-month,Yes,Electronic check,24.95,190.25,0,21.13888888888889,7-12 Months,0.6758585662096349,1,High Risk,Immediate retention intervention
Female,0,No,No,12,Yes,No,No,No internet service,No internet service,No internet service,No internet service,No internet service,No internet service,Month-to-month,No,Mailed check,20.1,223.6,1,18.633333333333333,7-12 Months,0.22387204081749335,0,Low Risk,Routine engagement
Female,0,No,No,1,Yes,No,DSL,No,No,No,Yes,No,No,Month-to-month,Yes,Electronic check,49.9,49.9,2,49.9,0-6 Months,0.7121972262310394,1,High Risk,Immediate retention intervention
Male,0,No,No,17,Yes,No,No,No internet service,No internet service,No internet service,No internet service,No internet service,No internet service,One year,Yes,Bank transfer (automatic),19.65,351.55,1,20.679411764705883,13-24 Months,0.0580484024812598,0,Low Risk,Routine engagement
Female,0,No,No,12,Yes,Yes,Fiber optic,No,No,No,Yes,No,No,Month-to-month,Yes,Credit card (automatic),79.55,958.25,3,79.85416666666667,7-12 Months,0.6711273684144151,1,High Risk,Immediate retention intervention
Male,0,No,No,12,Yes,Yes,Fiber optic,No,Yes,Yes,No,Yes,Yes,Month-to-month,Yes,Electronic check,106.7,1253.9,6,104.49166666666667,7-12 Months,0.8751415538916997,1,High Risk,Immediate retention intervention
Female,0,No,No,15,Yes,Yes,DSL,Yes,No,No,No,No,No,Month-to-month,Yes,Mailed check,55.7,899.8,3,59.986666666666665,13-24 Months,0.3193549504973425,0,Medium Risk,Proactive engagement
Male,0,Yes,No,71,Yes,Yes,Fiber optic,Yes,Yes,Yes,No,Yes,No,Two year,Yes,Electronic check,99.0,6994.6,6,98.51549295774649,49+ Months,0.15269231348348614,0,Low Risk,Routine engagement
Female,0,Yes,No,30,Yes,Yes,Fiber optic,No,No,No,No,No,Yes,Month-to-month,Yes,Electronic check,85.0,2624.25,3,87.475,25-48 Months,0.7793013351428735,1,High Risk,Immediate retention intervention
Male,0,No,Yes,33,Yes,No,No,No internet service,No internet service,No internet service,No internet service,No internet service,No internet service,One year,Yes,Mailed check,20.15,682.15,1,20.671212121212122,25-48 Months,0.039049055592177064,0,Low Risk,Routine engagement
Female,0,No,No,1,Yes,No,No,No internet service,No internet service,No internet service,No internet service,No internet service,No internet service,Month-to-month,No,Mailed check,19.9,19.9,1,19.9,0-6 Months,0.6720072702976431,1,High Risk,Immediate retention intervention
Female,0,Yes,Yes,62,Yes,Yes,DSL,No,No,No,No,Yes,Yes,Month-to-month,Yes,Credit card (automatic),70.45,4300.45,4,69.36209677419355,49+ Months,0.2357399485954378,0,Low Risk,Routine engagement
Female,0,Yes,Yes,72,Yes,Yes,Fiber optic,Yes,Yes,Yes,Yes,Yes,Yes,Two year,Yes,Credit card (automatic),116.8,8456.75,8,117.45486111111111,49+ Months,0.033822367888861914,0,Low Risk,Routine engagement
Female,0,Yes,Yes,30,Yes,No,DSL,Yes,No,No,Yes,No,Yes,Month-to-month,No,Bank transfer (automatic),66.3,1923.5,4,64.11666666666666,25-48 Months,0.15488402303461682,0,Low Risk,Routine engagement
Female,0,No,Yes,3,Yes,No,No,No internet service,No internet service,No internet service,No internet service,No internet service,No internet service,One year,Yes,Credit card (automatic),20.55,57.4,1,19.133333333333333,0-6 Months,0.07384582487399094,0,Low Risk,Routine engagement
Female,0,Yes,Yes,28,Yes,Yes,Fiber optic,No,No,No,Yes,No,Yes,One year,Yes,Electronic check,90.45,2509.25,4,89.61607142857143,25-48 Months,0.4299728057783764,0,Medium Risk,Proactive engagement
Male,0,No,No,30,Yes,Yes,Fiber optic,Yes,Yes,No,No,No,Yes,Month-to-month,Yes,Credit card (automatic),94.3,2679.7,5,89.32333333333332,25-48 Months,0.5502542038884185,1,Medium Risk,Proactive engagement
Female,0,Yes,Yes,12,Yes,No,No,No internet service,No internet service,No internet service,No internet service,No internet service,No internet service,Month-to-month,No,Mailed check,19.0,233.55,1,19.462500000000002,7-12 Months,0.06047033509385184,0,Low Risk,Routine engagement
Male,0,No,No,51,Yes,Yes,No,No internet service,No internet service,No internet service,No internet service,No internet service,No internet service,One year,Yes,Bank transfer (automatic),24.6,1266.4,2,24.83137254901961,49+ Months,0.09514367396676617,0,Low Risk,Routine engagement
Female,0,No,No,15,No,No phone service,DSL,Yes,Yes,Yes,Yes,No,No,One year,No,Mailed check,45.9,693.45,4,46.230000000000004,13-24 Months,0.0941433360221309,0,Low Risk,Routine engagement
Male,0,Yes,Yes,72,Yes,Yes,No,No internet service,No internet service,No internet service,No internet service,No internet service,No internet service,Two year,Yes,Credit card (automatic),25.1,1790.8,2,24.87222222222222,49+ Months,0.010397838613375406,0,Low Risk,Routine engagement
Male,0,No,No,32,Yes,Yes,Fiber optic,Yes,Yes,No,Yes,Yes,Yes,Month-to-month,Yes,Credit card (automatic),108.15,3432.9,7,107.278125,25-48 Months,0.4569291152204352,0,Medium Risk,Proactive engagement
Female,1,No,No,6,Yes,No,Fiber optic,Yes,No,No,No,No,No,Month-to-month,Yes,Electronic check,74.1,450.9,2,75.14999999999999,0-6 Months,0.753793387179987,1,High Risk,Immediate retention intervention
Male,0,Yes,No,63,Yes,No,DSL,Yes,Yes,No,Yes,Yes,No,One year,No,Credit card (automatic),70.8,4448.8,5,70.61587301587302,49+ Months,0.10848991177415894,0,Low Risk,Routine engagement
Female,1,No,No,11,Yes,Yes,Fiber optic,No,No,No,No,Yes,Yes,Month-to-month,Yes,Bank transfer (automatic),95.15,997.65,4,90.69545454545454,7-12 Months,0.8914100577218074,1,High Risk,Immediate retention intervention
Male,0,No,No,19,Yes,No,DSL,No,No,No,Yes,Yes,No,Month-to-month,Yes,Credit card (automatic),61.55,1093.2,3,57.53684210526316,13-24 Months,0.36912742505719803,0,Medium Risk,Proactive engagement
Male,0,Yes,Yes,64,Yes,No,DSL,Yes,No,Yes,No,Yes,Yes,One year,Yes,Credit card (automatic),73.05,4688.65,5,73.26015625,49+ Months,0.10448386957644834,0,Low Risk,Routine engagement
Female,0,Yes,Yes,7,Yes,No,DSL,Yes,Yes,Yes,No,Yes,No,One year,No,Electronic check,69.45,477.05,5,68.15,7-12 Months,0.17537922307769027,0,Low Risk,Routine engagement
Female,1,No,No,4,Yes,No,No,No internet service,No internet service,No internet service,No internet service,No internet service,No internet service,Month-to-month,No,Mailed check,20.05,91.45,1,22.8625,0-6 Months,0.3448474645251348,0,Medium Risk,Proactive engagement
Male,0,No,No,7,Yes,No,No,No internet service,No internet service,No internet service,No internet service,No internet service,No internet service,Month-to-month,Yes,Mailed check,19.95,147.5,1,21.071428571428573,7-12 Months,0.2136577871776395,0,Low Risk,Routine engagement
Male,0,No,No,4,Yes,No,Fiber optic,No,No,Yes,Yes,No,Yes,Month-to-month,Yes,Electronic check,90.4,356.65,4,89.1625,0-6 Months,0.8008242551420349,1,High Risk,Immediate retention intervention
Female,0,No,No,3,Yes,No,Fiber optic,Yes,No,No,No,No,No,Month-to-month,Yes,Electronic check,74.55,233.65,2,77.88333333333334,0-6 Months,0.758667354811539,1,High Risk,Immediate retention intervention
Female,1,No,No,65,No,No phone service,DSL,No,Yes,Yes,No,Yes,Yes,Two year,Yes,Bank transfer (automatic),53.5,3517.9,4,54.121538461538464,49+ Months,0.13172658692862635,0,Low Risk,Routine engagement
Male,0,Yes,Yes,42,Yes,No,DSL,Yes,No,No,Yes,No,Yes,One year,No,Credit card (automatic),63.7,2763.35,4,65.79404761904762,25-48 Months,0.09512251920631455,0,Low Risk,Routine engagement
Male,0,No,No,26,Yes,No,DSL,Yes,No,No,Yes,Yes,Yes,One year,No,Bank transfer (automatic),75.0,1908.35,5,73.39807692307691,25-48 Months,0.10345845408731986,0,Low Risk,Routine engagement
Female,0,No,No,48,Yes,Yes,No,No internet service,No internet service,No internet service,No internet service,No internet service,No internet service,One year,No,Credit card (automatic),25.05,1171.5,2,24.40625,25-48 Months,0.09740242368269872,0,Low Risk,Routine engagement
Male,0,Yes,Yes,69,Yes,Yes,Fiber optic,No,No,No,Yes,Yes,Yes,Two year,Yes,Electronic check,99.35,6856.45,5,99.36884057971014,49+ Months,0.2592693809693488,0,Low Risk,Routine engagement
Male,0,Yes,Yes,17,No,No phone service,DSL,Yes,No,Yes,No,Yes,No,One year,No,Credit card (automatic),44.45,792.15,3,46.59705882352941,13-24 Months,0.12936653592541741,0,Low Risk,Routine engagement
Female,0,Yes,Yes,1,Yes,No,No,No internet service,No internet service,No internet service,No internet service,No internet service,No internet service,Month-to-month,Yes,Electronic check,21.0,21.0,1,21.0,0-6 Months,0.6324957581110693,1,High Risk,Immediate retention intervention
Female,0,No,No,4,Yes,No,Fiber optic,No,Yes,No,No,No,No,Month-to-month,Yes,Bank transfer (automatic),76.65,333.6,2,83.4,0-6 Months,0.8415554152061753,1,High Risk,Immediate retention intervention
Female,1,No,No,34,Yes,Yes,Fiber optic,No,Yes,No,Yes,Yes,No,Month-to-month,Yes,Electronic check,96.35,3190.25,5,93.83088235294117,25-48 Months,0.712902381548972,1,High Risk,Immediate retention intervention
Female,0,No,No,2,Yes,No,Fiber optic,No,No,No,No,No,No,Month-to-month,No,Electronic check,70.35,139.25,1,69.625,0-6 Months,0.8135521920703959,1,High Risk,Immediate retention intervention
Female,0,Yes,Yes,1,Yes,No,DSL,No,No,Yes,No,No,No,Month-to-month,No,Mailed check,50.45,50.45,2,50.45,0-6 Months,0.6792440067204724,1,High Risk,Immediate retention intervention
Female,0,No,No,12,Yes,No,No,No internet service,No internet service,No internet service,No internet service,No internet service,No internet service,Month-to-month,No,Mailed check,20.3,246.7,1,20.558333333333334,7-12 Months,0.2031478892308847,0,Low Risk,Routine engagement
Male,0,No,No,38,Yes,No,Fiber optic,No,No,No,No,No,No,Month-to-month,Yes,Credit card (automatic),69.5,2625.25,1,69.08552631578948,25-48 Months,0.5275558197935742,0,Medium Risk,Proactive engagement
Female,0,Yes,Yes,31,Yes,Yes,DSL,No,Yes,No,Yes,Yes,Yes,Two year,No,Bank transfer (automatic),80.55,2471.6,6,79.7290322580645,25-48 Months,0.08064063712476845,0,Low Risk,Routine engagement
Female,0,Yes,Yes,67,Yes,Yes,Fiber optic,Yes,No,Yes,Yes,Yes,Yes,Two year,Yes,Credit card (automatic),108.75,7156.2,7,106.80895522388059,49+ Months,0.21279759239040588,0,Low Risk,Routine engagement
Male,0,Yes,Yes,22,Yes,Yes,Fiber optic,No,No,Yes,No,Yes,No,Month-to-month,Yes,Electronic check,88.75,1885.15,4,85.68863636363636,13-24 Months,0.8074826330434933,1,High Risk,Immediate retention intervention
Female,0,Yes,No,63,Yes,Yes,Fiber optic,No,No,No,Yes,No,No,One year,Yes,Credit card (automatic),81.2,4965.1,3,78.81111111111112,49+ Months,0.1320136695971608,0,Low Risk,Routine engagement
Female,0,No,No,70,Yes,No,DSL,Yes,No,Yes,Yes,Yes,Yes,Two year,No,Bank transfer (automatic),79.6,5589.45,6,79.84928571428571,49+ Months,0.03389568573353717,0,Low Risk,Routine engagement
Male,0,No,No,1,Yes,No,No,No internet service,No internet service,No internet service,No internet service,No internet service,No internet service,Month-to-month,No,Mailed check,20.45,20.45,1,20.45,0-6 Months,0.45670471901592385,0,Medium Risk,Proactive engagement
Female,0,Yes,Yes,49,Yes,Yes,Fiber optic,No,Yes,No,No,Yes,Yes,One year,No,Mailed check,100.45,4941.8,5,100.8530612244898,49+ Months,0.326229116357868,0,Medium Risk,Proactive engagement
Female,1,Yes,No,71,Yes,No,Fiber optic,No,Yes,Yes,No,No,Yes,Two year,No,Credit card (automatic),89.45,6435.25,4,90.63732394366197,49+ Months,0.07742879311225198,0,Low Risk,Routine engagement
Female,0,Yes,Yes,23,Yes,No,DSL,Yes,Yes,Yes,Yes,No,No,One year,Yes,Mailed check,66.25,1533.8,5,66.68695652173913,13-24 Months,0.10342059471673966,0,Low Risk,Routine engagement
Male,0,Yes,Yes,72,Yes,Yes,DSL,Yes,Yes,Yes,Yes,Yes,Yes,Two year,Yes,Credit card (automatic),90.8,6397.6,8,88.85555555555555,49+ Months,0.013541415745039307,0,Low Risk,Routine engagement
Female,0,Yes,Yes,72,Yes,Yes,DSL,Yes,No,Yes,No,Yes,No,Two year,Yes,Bank transfer (automatic),71.45,5025.85,5,69.80347222222223,49+ Months,0.011572207213109852,0,Low Risk,Routine engagement
Female,0,No,No,2,Yes,No,Fiber optic,No,No,No,No,No,No,Month-to-month,No,Bank transfer (automatic),69.75,144.55,1,72.275,0-6 Months,0.792378759818014,1,High Risk,Immediate retention intervention
Female,0,No,No,42,Yes,No,DSL,Yes,Yes,Yes,No,No,No,Month-to-month,No,Bank transfer (automatic),59.65,2536.55,4,60.394047619047626,25-48 Months,0.2670880170456393,0,Low Risk,Routine engagement
Female,0,Yes,Yes,47,Yes,No,No,No internet service,No internet service,No internet service,No internet service,No internet service,No internet service,Two year,No,Mailed check,19.75,948.9,1,20.18936170212766,25-48 Months,0.017964534517252044,0,Low Risk,Routine engagement
Male,0,No,Yes,29,Yes,No,No,No internet service,No internet service,No internet service,No internet service,No internet service,No internet service,One year,No,Mailed check,19.85,535.05,1,18.45,25-48 Months,0.022198460691578863,0,Low Risk,Routine engagement
Female,0,Yes,Yes,72,No,No phone service,DSL,Yes,Yes,Yes,Yes,Yes,Yes,Two year,Yes,Bank transfer (automatic),63.8,4684.3,6,65.05972222222222,49+ Months,0.011568810609275197,0,Low Risk,Routine engagement
Male,0,No,No,1,Yes,No,Fiber optic,No,No,No,No,No,No,Month-to-month,Yes,Electronic check,69.55,69.55,1,69.55,0-6 Months,0.921576592085916,1,High Risk,Immediate retention intervention
Male,0,No,No,40,Yes,No,DSL,No,No,No,Yes,No,No,Month-to-month,Yes,Electronic check,51.1,2092.9,2,52.322500000000005,25-48 Months,0.2739686508814899,0,Low Risk,Routine engagement
Male,0,No,No,1,Yes,Yes,DSL,No,No,Yes,Yes,No,No,Month-to-month,No,Mailed check,62.05,62.05,4,62.05,0-6 Months,0.5054123821280008,0,Medium Risk,Proactive engagement
Female,1,No,No,1,Yes,No,Fiber optic,No,No,Yes,No,No,Yes,Month-to-month,Yes,Electronic check,85.0,85.0,3,85.0,0-6 Months,0.9305567574858377,1,High Risk,Immediate retention intervention
Male,0,Yes,Yes,70,Yes,Yes,Fiber optic,No,Yes,No,No,Yes,Yes,Two year,No,Bank transfer (automatic),98.3,6859.5,5,97.99285714285715,49+ Months,0.17742714626370054,0,Low Risk,Routine engagement
Male,0,No,No,49,Yes,No,No,No internet service,No internet service,No internet service,No internet service,No internet service,No internet service,Two year,Yes,Credit card (automatic),19.9,1022.6,1,20.869387755102043,49+ Months,0.03421532553353147,0,Low Risk,Routine engagement
Male,0,No,No,17,Yes,No,Fiber optic,No,No,Yes,No,No,No,Month-to-month,Yes,Electronic check,76.65,1313.55,2,77.26764705882353,13-24 Months,0.716111651931866,1,High Risk,Immediate retention intervention
Male,0,No,No,33,Yes,No,DSL,No,Yes,Yes,No,Yes,No,Month-to-month,Yes,Credit card (automatic),66.4,2245.4,4,68.04242424242425,25-48 Months,0.3413507865116068,0,Medium Risk,Proactive engagement
Male,1,Yes,No,17,Yes,Yes,Fiber optic,No,No,Yes,No,Yes,Yes,Month-to-month,Yes,Credit card (automatic),100.45,1622.45,5,95.43823529411765,13-24 Months,0.847189376114481,1,High Risk,Immediate retention intervention
Male,0,Yes,Yes,21,Yes,Yes,DSL,Yes,No,No,No,Yes,Yes,One year,Yes,Bank transfer (automatic),75.9,1549.75,5,73.79761904761905,13-24 Months,0.16309055912788026,0,Low Risk,Routine engagement
Female,0,No,No,35,Yes,Yes,DSL,Yes,No,Yes,Yes,Yes,Yes,One year,Yes,Credit card (automatic),85.95,3110.1,7,88.86,25-48 Months,0.12507078495461302,0,Low Risk,Routine engagement
Female,0,No,No,12,No,No phone service,DSL,No,Yes,Yes,Yes,Yes,Yes,One year,No,Electronic check,60.65,743.3,5,61.94166666666666,7-12 Months,0.26194547885308306,0,Low Risk,Routine engagement
Female,0,Yes,No,9,Yes,No,DSL,No,Yes,No,No,No,No,Month-to-month,No,Mailed check,50.85,466.6,2,51.84444444444445,7-12 Months,0.34112661446043446,0,Medium Risk,Proactive engagement
Female,0,Yes,Yes,72,Yes,Yes,No,No internet service,No internet service,No internet service,No internet service,No internet service,No internet service,Two year,No,Bank transfer (automatic),24.45,1709.1,2,23.737499999999997,49+ Months,0.009040361159874043,0,Low Risk,Routine engagement
Male,1,Yes,No,18,Yes,No,DSL,Yes,No,No,No,No,Yes,Month-to-month,Yes,Credit card (automatic),59.1,1011.05,3,56.169444444444444,13-24 Months,0.3927772276848553,0,Medium Risk,Proactive engagement
Female,0,Yes,No,58,Yes,Yes,Fiber optic,Yes,Yes,No,Yes,Yes,Yes,Two year,Yes,Credit card (automatic),109.1,6393.65,7,110.2353448275862,49+ Months,0.3398675951625599,0,Medium Risk,Proactive engagement
Female,1,No,Yes,30,Yes,Yes,Fiber optic,No,No,No,Yes,Yes,Yes,Month-to-month,Yes,Electronic check,101.3,2974.5,5,99.15,25-48 Months,0.7597332922915365,1,High Risk,Immediate retention intervention
Male,0,Yes,Yes,56,Yes,Yes,Fiber optic,Yes,Yes,Yes,Yes,Yes,Yes,Two year,No,Mailed check,115.85,6567.9,8,117.28392857142856,49+ Months,0.14451134299497326,0,Low Risk,Routine engagement
Male,0,No,No,10,Yes,No,Fiber optic,No,No,Yes,No,Yes,Yes,Month-to-month,Yes,Electronic check,94.9,1048.85,4,104.88499999999999,7-12 Months,0.8636317340759823,1,High Risk,Immediate retention intervention
Female,0,Yes,No,2,No,No phone service,DSL,No,No,No,No,No,Yes,Month-to-month,Yes,Electronic check,35.1,68.75,1,34.375,0-6 Months,0.8460147613155409,1,High Risk,Immediate retention intervention
Female,0,Yes,Yes,18,Yes,Yes,No,No internet service,No internet service,No internet service,No internet service,No internet service,No internet service,Two year,Yes,Credit card (automatic),24.65,471.35,2,26.186111111111114,13-24 Months,0.04371148521372166,0,Low Risk,Routine engagement
Female,0,Yes,Yes,51,No,No phone service,DSL,No,No,Yes,Yes,Yes,Yes,One year,Yes,Electronic check,56.15,2898.95,4,56.84215686274509,49+ Months,0.2169937067005954,0,Low Risk,Routine engagement
Male,0,Yes,No,60,Yes,Yes,Fiber optic,Yes,No,Yes,Yes,Yes,Yes,Month-to-month,Yes,Bank transfer (automatic),109.45,6572.85,7,109.5475,49+ Months,0.36498748655815605,0,Medium Risk,Proactive engagement
Female,0,Yes,Yes,24,Yes,No,DSL,Yes,No,No,Yes,No,No,Month-to-month,No,Electronic check,55.15,1319.85,3,54.99375,13-24 Months,0.2931320638541599,0,Low Risk,Routine engagement
Male,0,Yes,No,70,Yes,Yes,Fiber optic,Yes,Yes,Yes,Yes,Yes,Yes,One year,No,Credit card (automatic),115.65,7968.85,8,113.84071428571428,49+ Months,0.4865787103834371,0,Medium Risk,Proactive engagement
Male,0,No,No,12,Yes,No,DSL,No,Yes,No,Yes,No,No,Month-to-month,Yes,Mailed check,53.75,648.65,3,54.05416666666667,7-12 Months,0.3454821013600236,0,Medium Risk,Proactive engagement
Male,0,Yes,Yes,25,Yes,No,DSL,Yes,Yes,Yes,No,No,No,One year,Yes,Bank transfer (automatic),61.6,1611.0,4,64.44,25-48 Months,0.13685685432014044,0,Low Risk,Routine engagement
Male,0,No,No,36,Yes,No,No,No internet service,No internet service,No internet service,No internet service,No internet service,No internet service,One year,Yes,Credit card (automatic),20.35,695.85,1,19.329166666666666,25-48 Months,0.04800053147640143,0,Low Risk,Routine engagement
Male,0,Yes,Yes,11,Yes,No,Fiber optic,No,No,No,No,Yes,Yes,Month-to-month,No,Electronic check,90.6,1020.2,3,92.74545454545455,7-12 Months,0.7755442495114246,1,High Risk,Immediate retention intervention
Male,0,Yes,Yes,7,Yes,No,Fiber optic,No,Yes,No,Yes,Yes,No,Month-to-month,Yes,Electronic check,89.75,608.8,4,86.97142857142856,7-12 Months,0.7585824936069757,1,High Risk,Immediate retention intervention
Female,1,Yes,No,26,Yes,Yes,Fiber optic,No,No,Yes,No,Yes,Yes,Month-to-month,Yes,Bank transfer (automatic),98.1,2510.7,5,96.5653846153846,25-48 Months,0.7815301854326464,1,High Risk,Immediate retention intervention
Male,0,No,No,41,Yes,No,Fiber optic,No,No,No,Yes,No,No,Month-to-month,Yes,Electronic check,74.25,3089.1,2,75.34390243902439,25-48 Months,0.5403489716152791,1,Medium Risk,Proactive engagement
Female,1,No,No,57,No,No phone service,DSL,No,Yes,Yes,No,Yes,Yes,Month-to-month,Yes,Electronic check,55.0,3094.05,4,54.28157894736842,49+ Months,0.5929789102121852,1,Medium Risk,Proactive engagement
Female,0,Yes,Yes,28,Yes,No,Fiber optic,No,No,No,No,Yes,Yes,One year,Yes,Bank transfer (automatic),90.1,2598.95,3,92.81964285714285,25-48 Months,0.391589319797339,0,Medium Risk,Proactive engagement
Female,0,No,No,10,Yes,No,DSL,No,Yes,No,Yes,No,Yes,One year,No,Mailed check,64.9,685.55,4,68.55499999999999,7-12 Months,0.19156194545079297,0,Low Risk,Routine engagement
Female,0,No,No,41,Yes,Yes,DSL,No,Yes,No,No,No,No,One year,Yes,Credit card (automatic),56.3,2364.0,3,57.65853658536585,25-48 Months,0.22332565082857697,0,Low Risk,Routine engagement
Female,0,No,No,22,Yes,No,Fiber optic,Yes,No,No,Yes,No,Yes,Month-to-month,Yes,Electronic check,89.05,1886.25,4,85.73863636363636,13-24 Months,0.6066252119696546,1,High Risk,Immediate retention intervention
Female,0,No,No,57,Yes,Yes,Fiber optic,Yes,Yes,Yes,No,Yes,Yes,Two year,Yes,Bank transfer (automatic),112.95,6465.0,7,113.42105263157895,49+ Months,0.34335863111090903,0,Medium Risk,Proactive engagement
Male,0,No,No,13,Yes,No,No,No internet service,No internet service,No internet service,No internet service,No internet service,No internet service,One year,No,Mailed check,19.45,270.2,1,20.784615384615385,13-24 Months,0.03336839439856023,0,Low Risk,Routine engagement
Female,0,Yes,Yes,61,Yes,Yes,Fiber optic,Yes,Yes,Yes,No,No,Yes,One year,Yes,Credit card (automatic),100.7,6018.65,6,98.66639344262295,49+ Months,0.23957433049838836,0,Low Risk,Routine engagement
Female,0,Yes,Yes,1,Yes,No,No,No internet service,No internet service,No internet service,No internet service,No internet service,No internet service,Month-to-month,No,Mailed check,20.05,20.05,1,20.05,0-6 Months,0.6921266212518515,1,High Risk,Immediate retention intervention
Female,0,Yes,Yes,18,Yes,No,No,No internet service,No internet service,No internet service,No internet service,No internet service,No internet service,Two year,No,Mailed check,19.35,309.25,1,17.180555555555557,13-24 Months,0.013129007495073387,0,Low Risk,Routine engagement
Male,0,No,No,6,Yes,Yes,Fiber optic,No,No,No,Yes,No,Yes,Month-to-month,Yes,Bank transfer (automatic),87.95,522.35,4,87.05833333333334,0-6 Months,0.8296359139898402,1,High Risk,Immediate retention intervention
Female,0,No,No,7,Yes,No,DSL,No,No,No,Yes,Yes,No,Month-to-month,Yes,Mailed check,59.5,415.95,3,59.42142857142857,7-12 Months,0.4400545368896627,0,Medium Risk,Proactive engagement
Female,0,Yes,Yes,9,Yes,Yes,DSL,No,Yes,No,No,No,No,Month-to-month,Yes,Mailed check,55.3,501.2,3,55.68888888888889,7-12 Months,0.4168352409875483,0,Medium Risk,Proactive engagement
Male,1,Yes,Yes,1,Yes,No,DSL,No,No,No,Yes,No,No,Month-to-month,Yes,Credit card (automatic),49.25,49.25,2,49.25,0-6 Months,0.5965292560303609,1,Medium Risk,Proactive engagement
Male,0,No,No,9,Yes,No,Fiber optic,No,No,No,No,No,Yes,Month-to-month,Yes,Electronic check,80.8,713.1,2,79.23333333333333,7-12 Months,0.8238910024658048,1,High Risk,Immediate retention intervention
Female,0,Yes,No,49,Yes,No,No,No internet service,No internet service,No internet service,No internet service,No internet service,No internet service,One year,No,Bank transfer (automatic),20.45,900.9,1,18.385714285714286,49+ Months,0.057026025188623444,0,Low Risk,Routine engagement
Female,0,No,No,15,Yes,No,Fiber optic,Yes,Yes,No,No,Yes,Yes,Month-to-month,Yes,Credit card (automatic),99.1,1426.4,5,95.09333333333333,13-24 Months,0.7320050978006383,1,High Risk,Immediate retention intervention
Female,0,Yes,Yes,30,Yes,No,No,No internet service,No internet service,No internet service,No internet service,No internet service,No internet service,One year,No,Bank transfer (automatic),19.55,608.5,1,20.283333333333335,25-48 Months,0.04303108715340882,0,Low Risk,Routine engagement
Female,1,Yes,No,70,Yes,Yes,Fiber optic,No,No,No,No,No,No,Two year,Yes,Credit card (automatic),75.65,5411.4,2,77.30571428571427,49+ Months,0.130101914844852,0,Low Risk,Routine engagement
Male,0,No,No,25,Yes,No,Fiber optic,Yes,No,Yes,Yes,Yes,Yes,Month-to-month,Yes,Electronic check,105.5,2686.05,6,107.44200000000001,25-48 Months,0.5972066697624835,1,Medium Risk,Proactive engagement
Female,0,Yes,Yes,49,No,No phone service,DSL,Yes,No,No,Yes,No,No,One year,Yes,Credit card (automatic),35.8,1782.0,2,36.36734693877551,49+ Months,0.04243757775819889,0,Low Risk,Routine engagement
Male,0,No,No,18,No,No phone service,DSL,No,No,No,No,No,No,Month-to-month,No,Mailed check,25.15,476.8,0,26.48888888888889,13-24 Months,0.38050984549592676,0,Medium Risk,Proactive engagement
Female,0,No,No,25,Yes,No,No,No internet service,No internet service,No internet service,No internet service,No internet service,No internet service,Month-to-month,Yes,Credit card (automatic),19.2,532.1,1,21.284000000000002,25-48 Months,0.11218517500606875,0,Low Risk,Routine engagement
Male,0,No,Yes,23,No,No phone service,DSL,Yes,No,Yes,Yes,No,No,Two year,No,Mailed check,40.1,857.75,3,37.29347826086956,13-24 Months,0.03833103426895217,0,Low Risk,Routine engagement
Male,0,Yes,Yes,67,Yes,No,Fiber optic,No,Yes,Yes,Yes,Yes,Yes,Two year,No,Bank transfer (automatic),103.15,6895.5,6,102.91791044776119,49+ Months,0.17443290277804832,0,Low Risk,Routine engagement
Male,0,Yes,Yes,35,Yes,No,No,No internet service,No internet service,No internet service,No internet service,No internet service,No internet service,Two year,No,Bank transfer (automatic),20.5,759.35,1,21.695714285714285,25-48 Months,0.024586595663973372,0,Low Risk,Routine engagement
Male,0,No,No,1,Yes,No,DSL,No,No,No,No,No,No,Month-to-month,Yes,Mailed check,45.85,45.85,1,45.85,0-6 Months,0.756581096741951,1,High Risk,Immediate retention intervention
Male,0,Yes,No,72,Yes,Yes,Fiber optic,Yes,Yes,Yes,Yes,Yes,Yes,Two year,No,Credit card (automatic),114.45,8375.05,8,116.32013888888888,49+ Months,0.05082894634311301,0,Low Risk,Routine engagement
Female,0,No,No,1,Yes,No,No,No internet service,No internet service,No internet service,No internet service,No internet service,No internet service,Month-to-month,No,Electronic check,20.7,20.7,1,20.7,0-6 Months,0.5621224956573756,1,Medium Risk,Proactive engagement
Male,1,Yes,Yes,60,Yes,Yes,Fiber optic,Yes,No,No,No,No,No,Month-to-month,Yes,Electronic check,80.95,4859.1,3,80.985,49+ Months,0.45709442168486325,0,Medium Risk,Proactive engagement
Female,0,No,No,7,Yes,No,DSL,Yes,No,No,No,No,Yes,One year,Yes,Electronic check,59.1,369.25,3,52.75,7-12 Months,0.3339011439183462,0,Medium Risk,Proactive engagement
Male,0,No,No,64,Yes,No,No,No internet service,No internet service,No internet service,No internet service,No internet service,No internet service,Two year,No,Mailed check,19.55,1240.15,1,19.37734375,49+ Months,0.02782386696304638,0,Low Risk,Routine engagement
Female,0,No,No,15,Yes,No,DSL,No,Yes,No,No,No,No,Month-to-month,No,Electronic check,48.85,736.8,2,49.12,13-24 Months,0.4179348375123294,0,Medium Risk,Proactive engagement
Male,0,Yes,Yes,2,Yes,No,No,No internet service,No internet service,No internet service,No internet service,No internet service,No internet service,One year,No,Mailed check,19.85,35.9,1,17.95,0-6 Months,0.04040202757774457,0,Low Risk,Routine engagement
Female,0,No,No,13,Yes,Yes,DSL,Yes,No,Yes,No,Yes,Yes,Month-to-month,Yes,Electronic check,78.75,995.35,6,76.56538461538462,13-24 Months,0.4858120005856214,0,Medium Risk,Proactive engagement
Male,0,No,No,26,Yes,Yes,Fiber optic,No,No,Yes,No,Yes,Yes,Month-to-month,Yes,Electronic check,98.35,2515.3,5,96.7423076923077,25-48 Months,0.825941511602363,1,High Risk,Immediate retention intervention
Female,0,Yes,No,52,No,No phone service,DSL,Yes,No,Yes,No,No,No,One year,No,Mailed check,35.45,1958.95,2,37.67211538461539,49+ Months,0.060251800217370866,0,Low Risk,Routine engagement
Male,0,No,No,1,Yes,No,No,No internet service,No internet service,No internet service,No internet service,No internet service,No internet service,Month-to-month,Yes,Bank transfer (automatic),20.2,20.2,1,20.2,0-6 Months,0.5178730293958218,0,Medium Risk,Proactive engagement
Female,1,No,No,15,Yes,Yes,Fiber optic,No,Yes,No,No,No,Yes,Month-to-month,No,Electronic check,89.85,1424.95,4,94.99666666666667,13-24 Months,0.774416175272759,1,High Risk,Immediate retention intervention
Female,0,No,No,2,Yes,Yes,Fiber optic,No,No,No,No,No,No,Month-to-month,No,Credit card (automatic),74.9,147.15,2,73.575,0-6 Months,0.8296769792315474,1,High Risk,Immediate retention intervention
Female,0,Yes,Yes,31,Yes,Yes,Fiber optic,No,Yes,No,No,No,Yes,Month-to-month,Yes,Electronic check,91.15,2995.45,4,96.62741935483871,25-48 Months,0.7145220192889874,1,High Risk,Immediate retention intervention
Male,0,No,No,26,Yes,No,Fiber optic,No,Yes,No,No,No,No,One year,No,Bank transfer (automatic),75.5,2018.1,2,77.61923076923077,25-48 Months,0.20664331709853206,0,Low Risk,Routine engagement
Female,0,No,No,10,No,No phone service,DSL,Yes,No,No,No,No,No,Month-to-month,No,Mailed check,29.75,301.9,1,30.189999999999998,7-12 Months,0.31115865819687644,0,Medium Risk,Proactive engagement
Male,0,No,No,1,Yes,No,No,No internet service,No internet service,No internet service,No internet service,No internet service,No internet service,Month-to-month,No,Mailed check,20.05,20.05,1,20.05,0-6 Months,0.6713545680348091,1,High Risk,Immediate retention intervention
Female,1,No,No,2,Yes,No,Fiber optic,No,No,No,No,No,Yes,Month-to-month,Yes,Electronic check,79.6,195.05,2,97.525,0-6 Months,0.9156678909924247,1,High Risk,Immediate retention intervention
Male,0,No,No,2,Yes,No,No,No internet service,No internet service,No internet service,No internet service,No internet service,No internet service,One year,No,Credit card (automatic),19.3,28.3,1,14.15,0-6 Months,0.04331280949935357,0,Low Risk,Routine engagement
Female,0,Yes,No,13,No,No phone service,DSL,No,No,Yes,No,Yes,Yes,Month-to-month,Yes,Bank transfer (automatic),48.75,633.4,3,48.723076923076924,13-24 Months,0.568081910626011,1,Medium Risk,Proactive engagement
Male,0,Yes,Yes,33,Yes,No,DSL,Yes,No,Yes,No,Yes,Yes,One year,No,Credit card (automatic),74.75,2453.3,5,74.34242424242424,25-48 Months,0.11682125917989453,0,Low Risk,Routine engagement
Female,1,No,No,46,Yes,No,Fiber optic,No,Yes,Yes,No,Yes,No,One year,Yes,Bank transfer (automatic),91.3,4126.35,4,89.70326086956523,25-48 Months,0.28749483021346983,0,Low Risk,Routine engagement
Female,0,No,No,13,No,No phone service,DSL,No,No,Yes,No,Yes,Yes,Month-to-month,No,Electronic check,49.15,649.4,3,49.95384615384615,13-24 Months,0.6064046544775521,1,High Risk,Immediate retention intervention
Female,1,No,No,37,Yes,Yes,Fiber optic,Yes,Yes,No,No,Yes,Yes,Month-to-month,Yes,Bank transfer (automatic),106.75,4056.75,6,109.64189189189189,25-48 Months,0.6440340341488687,1,High Risk,Immediate retention intervention
Female,0,Yes,Yes,61,Yes,No,No,No internet service,No internet service,No internet service,No internet service,No internet service,No internet service,One year,No,Credit card (automatic),19.1,1143.8,1,18.750819672131147,49+ Months,0.036124288621461796,0,Low Risk,Routine engagement
Male,0,No,No,1,Yes,No,No,No internet service,No internet service,No internet service,No internet service,No internet service,No internet service,Month-to-month,No,Mailed check,20.8,20.8,1,20.8,0-6 Months,0.6178642425374801,1,High Risk,Immediate retention intervention
Female,0,Yes,Yes,9,Yes,No,Fiber optic,No,No,No,Yes,No,No,Month-to-month,Yes,Electronic check,75.85,647.5,2,71.94444444444444,7-12 Months,0.7200009225135882,1,High Risk,Immediate retention intervention
Male,0,No,No,3,Yes,No,Fiber optic,No,No,No,No,No,No,Month-to-month,Yes,Mailed check,69.6,207.4,1,69.13333333333334,0-6 Months,0.8023307205140195,1,High Risk,Immediate retention intervention
Male,0,Yes,No,69,Yes,No,No,No internet service,No internet service,No internet service,No internet service,No internet service,No internet service,Two year,No,Mailed check,19.9,1363.45,1,19.76014492753623,49+ Months,0.01668803011914476,0,Low Risk,Routine engagement
Female,0,Yes,Yes,62,Yes,No,No,No internet service,No internet service,No internet service,No internet service,No internet service,No internet service,Two year,No,Bank transfer (automatic),20.3,1296.15,1,20.905645161290323,49+ Months,0.01707211372823826,0,Low Risk,Routine engagement
Male,0,No,No,20,Yes,No,No,No internet service,No internet service,No internet service,No internet service,No internet service,No internet service,Two year,Yes,Mailed check,19.7,419.4,1,20.97,13-24 Months,0.02200687501097243,0,Low Risk,Routine engagement
Male,0,No,No,61,Yes,Yes,Fiber optic,Yes,No,Yes,No,Yes,Yes,One year,No,Electronic check,104.0,6363.45,6,104.31885245901638,49+ Months,0.3556071079297342,0,Medium Risk,Proactive engagement
Female,0,No,No,4,Yes,Yes,No,No internet service,No internet service,No internet service,No internet service,No internet service,No internet service,One year,No,Electronic check,23.9,97.5,2,24.375,0-6 Months,0.06115075981069486,0,Low Risk,Routine engagement
Male,0,Yes,No,63,Yes,Yes,Fiber optic,No,No,Yes,No,Yes,Yes,Two year,No,Electronic check,102.6,6296.75,5,99.9484126984127,49+ Months,0.3340533090428264,0,Medium Risk,Proactive engagement
Male,0,No,No,50,No,No phone service,DSL,Yes,Yes,No,No,No,No,Month-to-month,Yes,Mailed check,35.0,1782.4,2,35.648,49+ Months,0.25018467429861985,0,Low Risk,Routine engagement
Male,0,No,No,1,Yes,No,Fiber optic,No,No,No,No,No,Yes,Month-to-month,No,Electronic check,80.5,80.5,2,80.5,0-6 Months,0.8971791778854322,1,High Risk,Immediate retention intervention
Female,0,Yes,Yes,70,Yes,No,DSL,Yes,Yes,Yes,Yes,No,Yes,One year,No,Credit card (automatic),74.1,5222.3,6,74.60428571428572,49+ Months,0.1416004961485266,0,Low Risk,Routine engagement
Female,0,Yes,Yes,72,Yes,Yes,DSL,No,No,Yes,No,Yes,Yes,Two year,Yes,Bank transfer (automatic),76.8,5468.45,5,75.95069444444444,49+ Months,0.037653881407142466,0,Low Risk,Routine engagement
Female,0,No,No,35,Yes,No,DSL,Yes,Yes,Yes,No,No,No,Month-to-month,No,Electronic check,60.55,1982.6,4,56.645714285714284,25-48 Months,0.3034463881216091,0,Medium Risk,Proactive engagement
Male,0,No,No,12,Yes,Yes,DSL,Yes,Yes,No,Yes,No,No,Month-to-month,Yes,Electronic check,67.25,832.3,5,69.35833333333333,7-12 Months,0.39758058123622586,0,Medium Risk,Proactive engagement
Female,0,Yes,No,56,Yes,Yes,Fiber optic,Yes,Yes,Yes,No,Yes,Yes,One year,No,Bank transfer (automatic),109.8,6109.65,7,109.10089285714285,49+ Months,0.3422483231952756,0,Medium Risk,Proactive engagement
Male,0,No,Yes,12,Yes,Yes,Fiber optic,No,No,No,No,No,No,Month-to-month,Yes,Credit card (automatic),73.75,871.4,2,72.61666666666666,7-12 Months,0.6918650830799612,1,High Risk,Immediate retention intervention
Female,0,No,No,36,Yes,Yes,DSL,No,No,Yes,No,No,No,One year,No,Electronic check,55.8,1941.5,3,53.93055555555556,25-48 Months,0.1893049328159221,0,Low Risk,Routine engagement
Female,0,Yes,No,40,Yes,Yes,Fiber optic,Yes,No,Yes,No,Yes,Yes,One year,No,Bank transfer (automatic),105.75,4228.55,6,105.71375,25-48 Months,0.3750783449760512,0,Medium Risk,Proactive engagement
Female,0,No,No,3,Yes,No,No,No internet service,No internet service,No internet service,No internet service,No internet service,No internet service,Month-to-month,Yes,Mailed check,19.6,59.75,1,19.916666666666668,0-6 Months,0.36832496634318485,0,Medium Risk,Proactive engagement
Female,1,No,No,40,Yes,Yes,Fiber optic,No,No,Yes,Yes,Yes,Yes,One year,Yes,Credit card (automatic),103.75,4188.4,6,104.71,25-48 Months,0.5156249105725275,0,Medium Risk,Proactive engagement
Male,0,Yes,No,67,Yes,Yes,DSL,Yes,Yes,Yes,Yes,No,No,Two year,No,Credit card (automatic),70.9,4677.1,6,69.80746268656716,49+ Months,0.04315081207717127,0,Low Risk,Routine engagement
Female,0,No,No,67,Yes,No,DSL,Yes,No,Yes,Yes,No,Yes,One year,Yes,Bank transfer (automatic),72.35,4991.5,5,74.5,49+ Months,0.09605737204196842,0,Low Risk,Routine engagement
Female,0,No,No,7,Yes,No,DSL,No,No,No,No,Yes,Yes,Month-to-month,Yes,Electronic check,66.85,458.1,3,65.44285714285715,7-12 Months,0.6622496616241338,1,High Risk,Immediate retention intervention
Male,0,No,No,3,Yes,No,Fiber optic,No,Yes,Yes,No,No,Yes,Month-to-month,No,Electronic check,90.4,268.45,4,89.48333333333333,0-6 Months,0.7792182306279074,1,High Risk,Immediate retention intervention
Male,0,No,No,42,Yes,Yes,Fiber optic,No,No,No,Yes,Yes,Yes,Month-to-month,Yes,Electronic check,100.3,4222.95,5,100.54642857142856,25-48 Months,0.7691298346081544,1,High Risk,Immediate retention intervention
Female,0,Yes,Yes,40,Yes,Yes,No,No internet service,No internet service,No internet service,No internet service,No internet service,No internet service,Month-to-month,Yes,Electronic check,26.2,1077.5,2,26.9375,25-48 Months,0.2159826178158248,0,Low Risk,Routine engagement
Female,1,Yes,No,53,Yes,No,Fiber optic,No,Yes,Yes,Yes,Yes,No,One year,Yes,Electronic check,94.0,4871.45,5,91.91415094339622,49+ Months,0.2832863633996677,0,Low Risk,Routine engagement
Female,0,No,No,3,Yes,No,No,No internet service,No internet service,No internet service,No internet service,No internet service,No internet service,Month-to-month,No,Electronic check,19.55,61.05,1,20.349999999999998,0-6 Months,0.23440801243408735,0,Low Risk,Routine engagement
Female,1,No,No,9,Yes,Yes,Fiber optic,No,No,Yes,No,Yes,No,Month-to-month,Yes,Electronic check,90.1,816.8,4,90.75555555555555,7-12 Months,0.9023125282413502,1,High Risk,Immediate retention intervention
Female,0,Yes,Yes,72,Yes,No,No,No internet service,No internet service,No internet service,No internet service,No internet service,No internet service,Two year,Yes,Credit card (automatic),20.1,1326.25,1,18.42013888888889,49+ Months,0.007770116237983737,0,Low Risk,Routine engagement
Male,1,No,No,46,Yes,No,Fiber optic,Yes,No,No,No,No,Yes,Month-to-month,No,Electronic check,85.0,3969.4,3,86.29130434782608,25-48 Months,0.565909416819818,1,Medium Risk,Proactive engagement
Female,0,Yes,Yes,61,Yes,Yes,No,No internet service,No internet service,No internet service,No internet service,No internet service,No internet service,Two year,Yes,Mailed check,24.1,1551.6,2,25.43606557377049,49+ Months,0.029389470534803924,0,Low Risk,Routine engagement
Female,0,Yes,Yes,54,Yes,No,DSL,Yes,No,Yes,Yes,No,Yes,Two year,No,Bank transfer (automatic),69.95,3871.85,5,71.70092592592593,49+ Months,0.029478050628309257,0,Low Risk,Routine engagement
Male,0,No,No,11,No,No phone service,DSL,No,No,Yes,No,Yes,No,One year,Yes,Electronic check,41.6,470.6,2,42.78181818181818,7-12 Months,0.5620987894641591,1,Medium Risk,Proactive engagement
Female,0,Yes,No,29,Yes,No,No,No internet service,No internet service,No internet service,No internet service,No internet service,No internet service,Two year,Yes,Mailed check,19.55,521.8,1,17.99310344827586,25-48 Months,0.02504866571641369,0,Low Risk,Routine engagement
Male,0,Yes,Yes,67,Yes,Yes,Fiber optic,Yes,Yes,Yes,No,Yes,Yes,One year,Yes,Electronic check,111.3,7482.1,7,111.67313432835822,49+ Months,0.43061346649985,0,Medium Risk,Proactive engagement
Male,0,Yes,Yes,49,Yes,Yes,Fiber optic,No,No,No,Yes,Yes,Yes,One year,Yes,Electronic check,97.95,4917.9,5,100.36530612244897,49+ Months,0.5930631549177756,1,Medium Risk,Proactive engagement
Male,0,Yes,No,72,Yes,Yes,Fiber optic,Yes,Yes,No,Yes,No,Yes,Two year,Yes,Bank transfer (automatic),100.55,7325.1,6,101.73750000000001,49+ Months,0.07340132188616089,0,Low Risk,Routine engagement
Female,0,Yes,Yes,71,Yes,No,DSL,Yes,Yes,Yes,Yes,Yes,Yes,Two year,No,Credit card (automatic),87.25,6328.7,7,89.13661971830986,49+ Months,0.015705946195695743,0,Low Risk,Routine engagement
Female,1,No,No,44,Yes,No,DSL,No,No,Yes,Yes,Yes,Yes,One year,No,Bank transfer (automatic),74.85,3268.05,5,74.27386363636364,25-48 Months,0.17577211421091105,0,Low Risk,Routine engagement
Male,0,Yes,Yes,41,Yes,No,DSL,Yes,Yes,Yes,No,No,No,One year,Yes,Bank transfer (automatic),60.3,2511.3,4,61.25121951219513,25-48 Months,0.1350167864785599,0,Low Risk,Routine engagement
Female,0,No,No,11,Yes,Yes,DSL,No,No,No,No,No,Yes,Month-to-month,Yes,Mailed check,58.95,601.6,3,54.690909090909095,7-12 Months,0.5658998091127889,1,Medium Risk,Proactive engagement
Female,0,No,No,13,Yes,No,No,No internet service,No internet service,No internet service,No internet service,No internet service,No internet service,Month-to-month,Yes,Mailed check,19.3,279.3,1,21.484615384615385,13-24 Months,0.17339154464771867,0,Low Risk,Routine engagement
Female,1,Yes,No,55,Yes,No,Fiber optic,No,No,Yes,Yes,Yes,No,Two year,No,Credit card (automatic),88.8,4805.3,4,87.36909090909091,49+ Months,0.07582177733100183,0,Low Risk,Routine engagement
Female,0,No,No,11,Yes,No,DSL,Yes,No,No,No,No,No,Month-to-month,No,Credit card (automatic),48.55,501.0,2,45.54545454545455,7-12 Months,0.31333501751118664,0,Medium Risk,Proactive engagement
Female,0,No,Yes,48,No,No phone service,DSL,No,Yes,Yes,No,No,Yes,Month-to-month,No,Credit card (automatic),45.55,2108.35,3,43.92395833333333,25-48 Months,0.4344165635576195,0,Medium Risk,Proactive engagement
Male,0,No,No,31,Yes,Yes,Fiber optic,No,No,No,Yes,No,No,One year,No,Credit card (automatic),81.7,2548.65,3,82.21451612903226,25-48 Months,0.14662493507717891,0,Low Risk,Routine engagement
Male,0,No,No,63,Yes,No,Fiber optic,Yes,Yes,Yes,Yes,Yes,Yes,Two year,No,Credit card (automatic),109.2,7049.75,7,111.90079365079364,49+ Months,0.2792529833196242,0,Low Risk,Routine engagement
Female,1,Yes,Yes,61,Yes,Yes,DSL,No,No,Yes,No,Yes,No,One year,Yes,Electronic check,65.2,3965.05,4,65.00081967213114,49+ Months,0.18543108527236007,0,Low Risk,Routine engagement
Female,0,Yes,Yes,72,Yes,Yes,No,No internet service,No internet service,No internet service,No internet service,No internet service,No internet service,Two year,No,Credit card (automatic),24.25,1784.5,2,24.78472222222222,49+ Months,0.008976532555593105,0,Low Risk,Routine engagement
Female,0,Yes,Yes,53,Yes,No,Fiber optic,No,Yes,Yes,Yes,Yes,Yes,Month-to-month,Yes,Bank transfer (automatic),108.25,5935.1,6,111.98301886792453,49+ Months,0.34883830459511034,0,Medium Risk,Proactive engagement
Female,1,No,No,7,Yes,No,DSL,Yes,No,No,No,No,No,Month-to-month,Yes,Electronic check,48.2,340.35,2,48.621428571428574,7-12 Months,0.613266779718526,1,High Risk,Immediate retention intervention
Female,0,Yes,Yes,28,Yes,No,Fiber optic,No,No,No,No,No,Yes,Month-to-month,Yes,Electronic check,81.05,2227.1,2,79.53928571428571,25-48 Months,0.6714563481022089,1,High Risk,Immediate retention intervention
Female,0,No,No,16,Yes,Yes,Fiber optic,No,No,No,No,No,No,Month-to-month,No,Electronic check,72.65,1194.3,2,74.64375,13-24 Months,0.7388502120808367,1,High Risk,Immediate retention intervention
Female,0,No,Yes,7,Yes,No,Fiber optic,No,No,No,No,No,No,Month-to-month,Yes,Electronic check,71.05,472.65,1,67.52142857142857,7-12 Months,0.792409762695387,1,High Risk,Immediate retention intervention
Female,0,No,No,5,Yes,Yes,DSL,No,Yes,No,No,No,Yes,Month-to-month,Yes,Electronic check,64.0,370.25,4,74.05,0-6 Months,0.7143134080128465,1,High Risk,Immediate retention intervention
Female,0,Yes,Yes,71,Yes,Yes,No,No internet service,No internet service,No internet service,No internet service,No internet service,No internet service,Two year,No,Credit card (automatic),23.9,1663.5,2,23.429577464788732,49+ Months,0.012664784471748855,0,Low Risk,Routine engagement
Male,0,Yes,Yes,7,No,No phone service,DSL,Yes,No,No,Yes,No,No,Month-to-month,Yes,Electronic check,34.5,279.25,2,39.892857142857146,7-12 Months,0.4953860625475146,0,Medium Risk,Proactive engagement
Male,1,No,No,11,Yes,Yes,Fiber optic,No,Yes,Yes,Yes,Yes,Yes,Month-to-month,Yes,Electronic check,111.4,1183.05,7,107.55,7-12 Months,0.8713300287205462,1,High Risk,Immediate retention intervention
Male,0,No,No,52,No,No phone service,DSL,Yes,Yes,Yes,Yes,Yes,Yes,Two year,No,Credit card (automatic),63.9,3334.95,6,64.13365384615385,49+ Months,0.049244218730305385,0,Low Risk,Routine engagement
Female,0,No,No,49,Yes,No,DSL,Yes,Yes,Yes,Yes,No,No,Two year,No,Bank transfer (automatic),67.4,3306.85,5,67.48673469387755,49+ Months,0.05776488423314989,0,Low Risk,Routine engagement
Male,0,No,No,19,Yes,No,No,No internet service,No internet service,No internet service,No internet service,No internet service,No internet service,One year,No,Mailed check,18.8,279.2,1,14.694736842105263,13-24 Months,0.009372394601020581,0,Low Risk,Routine engagement
Male,0,No,No,2,Yes,No,Fiber optic,No,No,No,No,No,Yes,Month-to-month,Yes,Electronic check,80.95,171.15,2,85.575,0-6 Months,0.8917702596672623,1,High Risk,Immediate retention intervention
Male,0,Yes,No,52,Yes,Yes,Fiber optic,No,Yes,No,Yes,No,Yes,Month-to-month,Yes,Credit card (automatic),95.65,5088.4,5,97.85384615384615,49+ Months,0.46151151015969816,0,Medium Risk,Proactive engagement
Male,0,Yes,No,23,Yes,Yes,Fiber optic,No,Yes,Yes,No,No,No,Month-to-month,No,Electronic check,84.25,1968.1,4,85.5695652173913,13-24 Months,0.6842672530062351,1,High Risk,Immediate retention intervention
Male,1,No,No,8,Yes,No,Fiber optic,No,No,No,No,No,No,Month-to-month,Yes,Electronic check,69.7,572.85,1,71.60625,7-12 Months,0.8107065383649715,1,High Risk,Immediate retention intervention
Female,1,Yes,Yes,65,Yes,Yes,Fiber optic,No,No,Yes,Yes,Yes,Yes,One year,Yes,Bank transfer (automatic),103.9,6767.1,6,104.10923076923078,49+ Months,0.3680433505970372,0,Medium Risk,Proactive engagement
Male,0,No,Yes,2,Yes,No,DSL,No,No,No,No,No,Yes,Month-to-month,Yes,Electronic check,55.3,108.65,2,54.325,0-6 Months,0.7449302985271378,1,High Risk,Immediate retention intervention
Female,0,Yes,No,62,Yes,Yes,No,No internet service,No internet service,No internet service,No internet service,No internet service,No internet service,Two year,No,Bank transfer (automatic),23.65,1416.75,2,22.850806451612904,49+ Months,0.03553829857533802,0,Low Risk,Routine engagement
Male,0,No,No,3,Yes,No,Fiber optic,No,No,Yes,Yes,Yes,No,Month-to-month,Yes,Mailed check,89.85,244.45,4,81.48333333333333,0-6 Months,0.7918289181663607,1,High Risk,Immediate retention intervention
Male,0,Yes,Yes,49,Yes,Yes,Fiber optic,No,Yes,Yes,No,Yes,No,One year,Yes,Electronic check,93.65,4520.15,5,92.24795918367346,49+ Months,0.45299893431074834,0,Medium Risk,Proactive engagement
Female,0,No,Yes,15,Yes,No,Fiber optic,No,No,No,No,No,No,Month-to-month,No,Bank transfer (automatic),69.0,994.8,1,66.32,13-24 Months,0.5801311192688198,1,Medium Risk,Proactive engagement
Female,0,No,Yes,41,Yes,No,No,No internet service,No internet service,No internet service,No internet service,No internet service,No internet service,One year,Yes,Credit card (automatic),20.25,865.0,1,21.097560975609756,25-48 Months,0.046376594735808976,0,Low Risk,Routine engagement
Female,1,No,No,46,Yes,Yes,Fiber optic,No,Yes,Yes,No,Yes,Yes,Month-to-month,Yes,Electronic check,104.45,4863.85,6,105.7358695652174,25-48 Months,0.8057646509757432,1,High Risk,Immediate retention intervention
Male,0,No,No,56,Yes,Yes,No,No internet service,No internet service,No internet service,No internet service,No internet service,No internet service,Two year,Yes,Bank transfer (automatic),25.95,1444.05,2,25.786607142857143,49+ Months,0.056568091365466526,0,Low Risk,Routine engagement
Male,0,No,No,48,Yes,Yes,Fiber optic,Yes,No,No,Yes,No,Yes,Month-to-month,Yes,Electronic check,95.4,4445.3,5,92.61041666666667,25-48 Months,0.45853481495055004,0,Medium Risk,Proactive engagement
Male,0,No,No,2,Yes,No,Fiber optic,No,No,No,No,No,No,Month-to-month,No,Mailed check,70.7,129.2,1,64.6,0-6 Months,0.7850925010972368,1,High Risk,Immediate retention intervention
Female,0,Yes,Yes,72,Yes,Yes,No,No internet service,No internet service,No internet service,No internet service,No internet service,No internet service,Two year,No,Bank transfer (automatic),23.75,1679.25,2,23.322916666666668,49+ Months,0.009047183149066535,0,Low Risk,Routine engagement
Male,0,Yes,No,45,Yes,No,DSL,Yes,Yes,Yes,No,Yes,Yes,One year,No,Bank transfer (automatic),78.8,3597.5,6,79.94444444444444,25-48 Months,0.18855846583267738,0,Low Risk,Routine engagement
Male,0,Yes,Yes,37,Yes,Yes,DSL,Yes,No,Yes,Yes,No,No,Two year,Yes,Credit card (automatic),62.8,2278.75,5,61.58783783783784,25-48 Months,0.03611670913329593,0,Low Risk,Routine engagement
Female,0,No,No,61,Yes,Yes,Fiber optic,No,No,Yes,No,No,Yes,Month-to-month,No,Mailed check,89.2,5500.6,4,90.17377049180328,49+ Months,0.3558166245310969,0,Medium Risk,Proactive engagement
Female,0,No,No,60,Yes,No,No,No internet service,No internet service,No internet service,No internet service,No internet service,No internet service,Two year,No,Mailed check,20.6,1093.0,1,18.216666666666665,49+ Months,0.03272989613159677,0,Low Risk,Routine engagement
Female,1,Yes,No,2,Yes,No,DSL,No,Yes,No,No,No,No,Month-to-month,No,Credit card (automatic),50.15,115.1,2,57.55,0-6 Months,0.6445235361237145,1,High Risk,Immediate retention intervention
Female,0,Yes,Yes,63,Yes,No,DSL,Yes,Yes,Yes,Yes,Yes,No,Two year,No,Credit card (automatic),75.55,4707.85,6,74.72777777777779,49+ Months,0.04187694908806332,0,Low Risk,Routine engagement
Female,1,No,No,4,Yes,Yes,Fiber optic,No,No,No,No,No,Yes,Month-to-month,Yes,Electronic check,84.6,360.1,3,90.025,0-6 Months,0.9216219816320219,1,High Risk,Immediate retention intervention
Male,0,No,No,62,Yes,Yes,Fiber optic,Yes,Yes,No,Yes,No,Yes,One year,No,Electronic check,102.0,6529.25,6,105.31048387096774,49+ Months,0.3007693432211719,0,Medium Risk,Proactive engagement
Female,0,No,No,62,Yes,Yes,Fiber optic,Yes,Yes,Yes,No,No,No,One year,Yes,Electronic check,92.05,5755.8,5,92.83548387096775,49+ Months,0.23186467898395194,0,Low Risk,Routine engagement
Male,0,No,No,69,Yes,Yes,Fiber optic,No,Yes,Yes,Yes,Yes,No,Two year,Yes,Credit card (automatic),97.65,6743.55,6,97.73260869565217,49+ Months,0.14003505064402846,0,Low Risk,Routine engagement
Female,0,No,No,4,Yes,No,Fiber optic,No,Yes,Yes,Yes,Yes,Yes,One year,Yes,Electronic check,105.65,443.9,6,110.975,0-6 Months,0.5297348312239485,0,Medium Risk,Proactive engagement
Female,0,Yes,No,49,No,No phone service,DSL,No,Yes,No,Yes,Yes,Yes,One year,Yes,Credit card (automatic),56.3,2780.6,4,56.7469387755102,49+ Months,0.20400767634343608,0,Low Risk,Routine engagement
Male,0,No,No,51,Yes,Yes,DSL,Yes,Yes,Yes,Yes,Yes,No,One year,Yes,Credit card (automatic),81.15,4126.2,7,80.90588235294118,49+ Months,0.13432235584970045,0,Low Risk,Routine engagement
Male,0,No,No,26,No,No phone service,DSL,Yes,Yes,No,No,No,Yes,Month-to-month,Yes,Bank transfer (automatic),44.65,1156.55,3,44.482692307692304,25-48 Months,0.47971658565286773,0,Medium Risk,Proactive engagement
Female,0,No,No,9,Yes,No,DSL,No,No,No,No,No,No,Month-to-month,Yes,Electronic check,43.75,405.7,1,45.077777777777776,7-12 Months,0.5981713522352045,1,Medium Risk,Proactive engagement
Female,0,No,No,57,Yes,Yes,Fiber optic,No,Yes,No,Yes,No,Yes,One year,No,Electronic check,94.7,5468.95,5,95.94649122807017,49+ Months,0.29633552885106434,0,Low Risk,Routine engagement
Female,0,Yes,No,37,Yes,No,No,No internet service,No internet service,No internet service,No internet service,No internet service,No internet service,Month-to-month,No,Bank transfer (automatic),19.5,805.2,1,21.762162162162163,25-48 Months,0.22582607562930193,0,Low Risk,Routine engagement
Male,0,No,No,30,Yes,No,Fiber optic,No,Yes,No,No,Yes,Yes,One year,Yes,Bank transfer (automatic),97.0,3021.3,4,100.71000000000001,25-48 Months,0.4591958241200049,0,Medium Risk,Proactive engagement
Female,1,Yes,Yes,70,Yes,Yes,Fiber optic,No,Yes,Yes,Yes,Yes,Yes,One year,Yes,Electronic check,107.9,7475.85,7,106.79785714285715,49+ Months,0.35141111443737405,0,Medium Risk,Proactive engagement
Male,0,No,Yes,22,Yes,No,Fiber optic,No,Yes,Yes,No,Yes,No,Month-to-month,Yes,Electronic check,89.4,2001.5,4,90.97727272727273,13-24 Months,0.7250853349606081,1,High Risk,Immediate retention intervention
Male,0,No,No,39,No,No phone service,DSL,Yes,Yes,No,Yes,Yes,No,Month-to-month,Yes,Credit card (automatic),48.95,1880.85,4,48.22692307692307,25-48 Months,0.21481716912084226,0,Low Risk,Routine engagement
Female,1,Yes,No,33,Yes,Yes,Fiber optic,No,Yes,No,No,No,No,Month-to-month,Yes,Bank transfer (automatic),80.6,2656.5,3,80.5,25-48 Months,0.6423699301728489,1,High Risk,Immediate retention intervention
Male,0,No,No,60,Yes,Yes,Fiber optic,Yes,Yes,Yes,Yes,Yes,Yes,One year,Yes,Credit card (automatic),116.6,7049.5,8,117.49166666666666,49+ Months,0.32780384458986045,0,Medium Risk,Proactive engagement
Female,0,Yes,Yes,1,Yes,No,No,No internet service,No internet service,No internet service,No internet service,No internet service,No internet service,Month-to-month,No,Electronic check,19.45,19.45,1,19.45,0-6 Months,0.5238586989973057,0,Medium Risk,Proactive engagement
Female,0,Yes,Yes,12,Yes,No,DSL,No,No,Yes,No,Yes,No,Month-to-month,Yes,Credit card (automatic),58.35,740.55,3,61.7125,7-12 Months,0.44665240841494935,0,Medium Risk,Proactive engagement
Female,0,Yes,Yes,51,Yes,No,No,No internet service,No internet service,No internet service,No internet service,No internet service,No internet service,Two year,No,Mailed check,19.95,1028.75,1,20.17156862745098,49+ Months,0.021281962101488285,0,Low Risk,Routine engagement
Female,0,Yes,Yes,22,Yes,No,Fiber optic,No,No,No,No,No,Yes,Month-to-month,Yes,Electronic check,80.15,1790.65,2,81.39318181818182,13-24 Months,0.701162663740089,1,High Risk,Immediate retention intervention
Male,0,Yes,Yes,1,Yes,No,No,No internet service,No internet service,No internet service,No internet service,No internet service,No internet service,One year,No,Mailed check,18.8,18.8,1,18.8,0-6 Months,0.043675963532276194,0,Low Risk,Routine engagement
Male,0,Yes,Yes,39,Yes,Yes,Fiber optic,No,No,Yes,No,Yes,Yes,One year,No,Electronic check,100.0,3835.55,5,98.3474358974359,25-48 Months,0.5176324255998391,0,Medium Risk,Proactive engagement
Female,0,No,No,4,Yes,Yes,Fiber optic,No,Yes,No,Yes,No,Yes,Month-to-month,Yes,Electronic check,93.5,362.2,5,90.55,0-6 Months,0.8760871778761621,1,High Risk,Immediate retention intervention
Female,0,No,No,39,Yes,No,Fiber optic,No,No,Yes,Yes,No,No,Two year,Yes,Electronic check,80.45,3201.55,3,82.09102564102565,25-48 Months,0.20356906508782552,0,Low Risk,Routine engagement
Male,1,Yes,No,69,Yes,Yes,Fiber optic,Yes,Yes,No,No,No,No,Month-to-month,Yes,Credit card (automatic),84.9,5785.65,4,83.85,49+ Months,0.35470616524551235,0,Medium Risk,Proactive engagement
Male,1,Yes,No,8,Yes,No,DSL,No,No,Yes,Yes,No,Yes,Month-to-month,Yes,Credit card (automatic),64.4,581.7,4,72.7125,7-12 Months,0.3879678108365886,0,Medium Risk,Proactive engagement
Male,0,Yes,No,68,Yes,Yes,No,No internet service,No internet service,No internet service,No internet service,No internet service,No internet service,Two year,No,Credit card (automatic),25.05,1629.2,2,23.958823529411767,49+ Months,0.029983973488206084,0,Low Risk,Routine engagement
Female,1,No,No,2,Yes,No,Fiber optic,No,No,No,No,No,No,Month-to-month,No,Electronic check,70.75,154.85,1,77.425,0-6 Months,0.8144737445872747,1,High Risk,Immediate retention intervention
Male,1,Yes,No,24,No,No phone service,DSL,Yes,No,No,No,No,Yes,Month-to-month,No,Bank transfer (automatic),39.1,971.3,2,40.47083333333333,13-24 Months,0.4361745166081171,0,Medium Risk,Proactive engagement
Female,0,Yes,No,42,Yes,Yes,DSL,No,No,No,No,No,No,Month-to-month,Yes,Electronic check,50.25,2203.65,2,52.46785714285714,25-48 Months,0.40196835812147513,0,Medium Risk,Proactive engagement
Female,0,Yes,No,59,Yes,Yes,DSL,No,Yes,No,Yes,Yes,Yes,One year,Yes,Electronic check,80.1,4693.2,6,79.5457627118644,49+ Months,0.1979228820665122,0,Low Risk,Routine engagement
Male,0,Yes,Yes,1,Yes,No,Fiber optic,No,No,No,No,No,Yes,Month-to-month,No,Electronic check,80.0,80.0,2,80.0,0-6 Months,0.8842505840426826,1,High Risk,Immediate retention intervention
Female,0,Yes,Yes,46,No,No phone service,DSL,Yes,Yes,No,No,No,No,Month-to-month,No,Bank transfer (automatic),35.05,1620.25,2,35.22282608695652,25-48 Months,0.27065624427139656,0,Low Risk,Routine engagement
Male,0,No,No,4,No,No phone service,DSL,No,No,Yes,No,No,No,Month-to-month,Yes,Electronic check,29.65,118.5,1,29.625,0-6 Months,0.8109008236475542,1,High Risk,Immediate retention intervention
Male,0,Yes,Yes,11,Yes,No,No,No internet service,No internet service,No internet service,No internet service,No internet service,No internet service,Month-to-month,Yes,Electronic check,20.45,250.8,1,22.8,7-12 Months,0.19066245495130657,0,Low Risk,Routine engagement
Male,0,Yes,No,59,Yes,No,DSL,Yes,Yes,Yes,No,Yes,No,One year,No,Credit card (automatic),66.4,3958.2,5,67.08813559322033,49+ Months,0.11265663590663375,0,Low Risk,Routine engagement
Female,0,Yes,Yes,53,Yes,No,DSL,No,No,Yes,No,No,Yes,One year,No,Credit card (automatic),60.6,3297.0,3,62.20754716981132,49+ Months,0.1007322392377754,0,Low Risk,Routine engagement
Female,0,No,No,3,Yes,No,DSL,No,No,No,No,Yes,No,Month-to-month,Yes,Electronic check,54.2,140.4,2,46.800000000000004,0-6 Months,0.7588901081792637,1,High Risk,Immediate retention intervention
Female,0,Yes,No,72,Yes,Yes,No,No internet service,No internet service,No internet service,No internet service,No internet service,No internet service,Two year,Yes,Bank transfer (automatic),25.25,1841.2,2,25.572222222222223,49+ Months,0.011925533134839938,0,Low Risk,Routine engagement
Male,0,No,No,9,Yes,No,No,No internet service,No internet service,No internet service,No internet service,No internet service,No internet service,Month-to-month,Yes,Mailed check,18.95,185.6,1,20.62222222222222,7-12 Months,0.08416245227358445,0,Low Risk,Routine engagement
Male,0,Yes,Yes,24,Yes,No,No,No internet service,No internet service,No internet service,No internet service,No internet service,No internet service,One year,Yes,Credit card (automatic),20.8,469.65,1,19.568749999999998,13-24 Months,0.043372318763440755,0,Low Risk,Routine engagement
Female,1,Yes,No,45,Yes,No,Fiber optic,No,No,Yes,No,No,Yes,Month-to-month,Yes,Electronic check,86.1,3861.45,3,85.81,25-48 Months,0.682018660147585,1,High Risk,Immediate retention intervention
Female,0,Yes,No,49,No,No phone service,DSL,Yes,No,No,No,Yes,No,Month-to-month,No,Bank transfer (automatic),40.65,2070.75,2,42.26020408163265,49+ Months,0.1806928769025944,0,Low Risk,Routine engagement
Female,0,Yes,No,61,Yes,Yes,No,No internet service,No internet service,No internet service,No internet service,No internet service,No internet service,Two year,No,Mailed check,24.4,1417.9,2,23.24426229508197,49+ Months,0.028967883727557955,0,Low Risk,Routine engagement
Male,0,No,No,2,Yes,No,Fiber optic,No,No,No,No,No,No,Month-to-month,Yes,Electronic check,70.3,144.0,1,72.0,0-6 Months,0.8677278587968935,1,High Risk,Immediate retention intervention
Female,0,No,No,5,Yes,No,Fiber optic,No,No,No,Yes,No,Yes,Month-to-month,Yes,Credit card (automatic),85.4,425.9,3,85.17999999999999,0-6 Months,0.8202895197425624,1,High Risk,Immediate retention intervention
Female,0,No,No,2,No,No phone service,DSL,Yes,Yes,No,No,No,Yes,Month-to-month,Yes,Electronic check,42.6,72.4,3,36.2,0-6 Months,0.7615862030953002,1,High Risk,Immediate retention intervention
Male,0,No,No,25,Yes,Yes,DSL,Yes,Yes,Yes,Yes,No,Yes,Month-to-month,No,Bank transfer (automatic),81.75,2028.8,7,81.152,25-48 Months,0.225178247742617,0,Low Risk,Routine engagement
Female,0,Yes,No,60,Yes,Yes,Fiber optic,No,Yes,Yes,No,Yes,Yes,Month-to-month,Yes,Electronic check,106.15,6411.25,6,106.85416666666667,49+ Months,0.7562836044456758,1,High Risk,Immediate retention intervention
Male,0,Yes,Yes,51,Yes,Yes,Fiber optic,Yes,Yes,No,Yes,Yes,Yes,One year,No,Credit card (automatic),110.05,5686.4,7,111.49803921568626,49+ Months,0.37211601528546034,0,Medium Risk,Proactive engagement
Male,0,Yes,Yes,2,Yes,Yes,DSL,Yes,No,No,No,No,No,Month-to-month,No,Mailed check,56.7,113.55,3,56.775,0-6 Months,0.41587636778329706,0,Medium Risk,Proactive engagement
Male,1,Yes,No,62,Yes,Yes,Fiber optic,No,Yes,Yes,No,Yes,Yes,One year,Yes,Electronic check,103.75,6383.35,6,102.95725806451614,49+ Months,0.5322075706248854,0,Medium Risk,Proactive engagement
Male,0,Yes,No,52,Yes,Yes,DSL,Yes,Yes,Yes,Yes,No,Yes,One year,Yes,Credit card (automatic),81.4,4354.45,7,83.73942307692307,49+ Months,0.14541446286784032,0,Low Risk,Routine engagement
Male,0,No,No,68,Yes,Yes,DSL,Yes,Yes,Yes,No,No,Yes,One year,Yes,Credit card (automatic),76.9,5023.0,6,73.86764705882354,49+ Months,0.26823556367016327,0,Low Risk,Routine engagement
Female,0,No,No,22,Yes,Yes,Fiber optic,No,No,No,No,Yes,No,Month-to-month,Yes,Bank transfer (automatic),84.15,1821.95,3,82.81590909090909,13-24 Months,0.664246279415766,1,High Risk,Immediate retention intervention
Male,1,Yes,No,1,No,No phone service,DSL,No,No,No,No,No,No,Month-to-month,No,Electronic check,25.05,25.05,0,25.05,0-6 Months,0.8549298172649723,1,High Risk,Immediate retention intervention
Male,1,No,No,3,No,No phone service,DSL,No,No,Yes,No,No,Yes,Month-to-month,Yes,Electronic check,41.15,132.2,2,44.06666666666666,0-6 Months,0.8759864115534882,1,High Risk,Immediate retention intervention
Female,1,No,No,16,Yes,Yes,Fiber optic,No,No,No,No,Yes,Yes,Month-to-month,Yes,Electronic check,96.4,1581.2,4,98.825,13-24 Months,0.8900694016390573,1,High Risk,Immediate retention intervention
Female,1,No,No,32,Yes,No,Fiber optic,No,Yes,No,No,No,No,Month-to-month,Yes,Electronic check,74.4,2276.95,2,71.1546875,25-48 Months,0.7137969272437171,1,High Risk,Immediate retention intervention
Male,0,No,No,50,Yes,Yes,No,No internet service,No internet service,No internet service,No internet service,No internet service,No internet service,Two year,No,Bank transfer (automatic),24.9,1195.25,2,23.905,49+ Months,0.07368650142733142,0,Low Risk,Routine engagement
Male,0,Yes,Yes,1,Yes,No,DSL,Yes,No,No,No,No,No,Month-to-month,Yes,Mailed check,48.75,48.75,2,48.75,0-6 Months,0.5877476791462131,1,Medium Risk,Proactive engagement
Female,0,No,No,6,Yes,No,Fiber optic,No,No,Yes,No,No,Yes,Month-to-month,No,Electronic check,83.9,497.55,3,82.925,0-6 Months,0.812268637851433,1,High Risk,Immediate retention intervention
Male,0,No,No,1,Yes,No,DSL,No,Yes,No,No,No,No,Month-to-month,Yes,Electronic check,50.75,50.75,2,50.75,0-6 Months,0.7872136868973162,1,High Risk,Immediate retention intervention
Female,0,Yes,Yes,29,Yes,No,No,No internet service,No internet service,No internet service,No internet service,No internet service,No internet service,Two year,No,Mailed check,20.2,558.8,1,19.268965517241377,25-48 Months,0.01687911590255858,0,Low Risk,Routine engagement
Male,0,No,No,1,Yes,No,No,No internet service,No internet service,No internet service,No internet service,No internet service,No internet service,Month-to-month,Yes,Mailed check,19.3,19.3,1,19.3,0-6 Months,0.5978540981466534,1,Medium Risk,Proactive engagement
Female,0,No,No,58,Yes,No,Fiber optic,No,No,No,Yes,Yes,Yes,Month-to-month,Yes,Electronic check,95.3,5817.7,4,100.3051724137931,49+ Months,0.47514112124792235,0,Medium Risk,Proactive engagement
Male,1,Yes,Yes,35,Yes,No,DSL,No,Yes,No,Yes,Yes,Yes,Month-to-month,Yes,Electronic check,76.05,2747.2,5,78.49142857142857,25-48 Months,0.2621894735322683,0,Low Risk,Routine engagement
Male,0,No,No,43,Yes,No,No,No internet service,No internet service,No internet service,No internet service,No internet service,No internet service,Two year,No,Mailed check,19.55,876.15,1,20.375581395348835,25-48 Months,0.01843264884727859,0,Low Risk,Routine engagement
Female,0,No,No,41,Yes,No,DSL,No,No,No,Yes,No,No,One year,No,Bank transfer (automatic),50.05,2029.05,2,49.4890243902439,25-48 Months,0.1123953249057628,0,Low Risk,Routine engagement
Female,0,Yes,Yes,47,Yes,No,No,No internet service,No internet service,No internet service,No internet service,No internet service,No internet service,Two year,No,Bank transfer (automatic),19.3,890.5,1,18.9468085106383,25-48 Months,0.016529638722514832,0,Low Risk,Routine engagement
Female,0,No,No,33,Yes,Yes,Fiber optic,No,Yes,No,No,Yes,Yes,Month-to-month,Yes,Electronic check,100.0,3320.6,5,100.62424242424242,25-48 Months,0.7741879719696005,1,High Risk,Immediate retention intervention
Male,0,No,No,67,Yes,No,No,No internet service,No internet service,No internet service,No internet service,No internet service,No internet service,Two year,No,Bank transfer (automatic),20.5,1430.95,1,21.357462686567164,49+ Months,0.024985942117572536,0,Low Risk,Routine engagement
Female,0,Yes,No,72,Yes,No,No,No internet service,No internet service,No internet service,No internet service,No internet service,No internet service,Two year,No,Bank transfer (automatic),19.4,1496.45,1,20.78402777777778,49+ Months,0.007733072989102514,0,Low Risk,Routine engagement
Male,0,Yes,Yes,50,Yes,Yes,DSL,No,No,Yes,No,No,No,One year,No,Bank transfer (automatic),54.9,2614.1,3,52.282,49+ Months,0.10881194794412834,0,Low Risk,Routine engagement
Male,1,Yes,No,49,Yes,No,DSL,No,Yes,No,No,No,No,Two year,No,Mailed check,49.8,2398.4,2,48.946938775510205,49+ Months,0.10627250004666071,0,Low Risk,Routine engagement
Male,0,No,No,4,Yes,Yes,Fiber optic,No,No,No,No,No,No,Month-to-month,Yes,Electronic check,74.35,265.35,2,66.3375,0-6 Months,0.8817442538929057,1,High Risk,Immediate retention intervention
Male,0,Yes,No,61,Yes,No,Fiber optic,No,Yes,Yes,Yes,No,Yes,Month-to-month,No,Credit card (automatic),94.15,5731.85,5,93.96475409836066,49+ Months,0.24514962393285628,0,Low Risk,Routine engagement
Male,0,Yes,Yes,7,Yes,No,No,No internet service,No internet service,No internet service,No internet service,No internet service,No internet service,One year,No,Mailed check,20.65,150.0,1,21.428571428571427,7-12 Months,0.040445731118382865,0,Low Risk,Routine engagement
Male,1,No,No,14,Yes,No,Fiber optic,No,No,No,No,Yes,Yes,Month-to-month,No,Credit card (automatic),90.45,1266.1,3,90.43571428571428,13-24 Months,0.7165498199357689,1,High Risk,Immediate retention intervention
Female,0,Yes,No,26,Yes,No,DSL,No,Yes,No,Yes,Yes,Yes,Month-to-month,Yes,Electronic check,73.05,1959.5,5,75.36538461538461,25-48 Months,0.32261094453995526,0,Medium Risk,Proactive engagement
Female,1,No,No,35,Yes,No,Fiber optic,No,No,No,No,No,No,Month-to-month,No,Electronic check,70.55,2419.0,1,69.11428571428571,25-48 Months,0.6811317906664951,1,High Risk,Immediate retention intervention
Female,1,Yes,No,54,Yes,No,Fiber optic,No,No,Yes,Yes,Yes,Yes,One year,Yes,Electronic check,99.1,5437.1,5,100.68703703703704,49+ Months,0.3829523015525053,0,Medium Risk,Proactive engagement
Female,0,No,No,8,Yes,Yes,Fiber optic,No,No,No,No,Yes,Yes,Month-to-month,No,Bank transfer (automatic),95.65,778.1,4,97.2625,7-12 Months,0.878823875899903,1,High Risk,Immediate retention intervention
Male,0,No,Yes,1,Yes,No,Fiber optic,No,No,No,No,No,No,Month-to-month,Yes,Electronic check,71.65,71.65,1,71.65,0-6 Months,0.9147504562387416,1,High Risk,Immediate retention intervention
Female,0,Yes,Yes,67,Yes,Yes,Fiber optic,Yes,No,Yes,Yes,No,Yes,One year,Yes,Bank transfer (automatic),100.25,6689.0,6,99.83582089552239,49+ Months,0.23901868521494882,0,Low Risk,Routine engagement
Female,0,No,Yes,24,Yes,No,No,No internet service,No internet service,No internet service,No internet service,No internet service,No internet service,Two year,No,Mailed check,19.75,498.1,1,20.754166666666666,13-24 Months,0.019434842623923827,0,Low Risk,Routine engagement
Female,0,Yes,Yes,64,Yes,Yes,No,No internet service,No internet service,No internet service,No internet service,No internet service,No internet service,One year,No,Mailed check,24.9,1595.5,2,24.9296875,49+ Months,0.041021268136169735,0,Low Risk,Routine engagement
Female,1,Yes,Yes,34,Yes,Yes,Fiber optic,No,Yes,No,No,No,No,Month-to-month,Yes,Mailed check,79.6,2718.3,3,79.95,25-48 Months,0.5922195277162027,1,Medium Risk,Proactive engagement
Male,0,Yes,Yes,8,Yes,No,No,No internet service,No internet service,No internet service,No internet service,No internet service,No internet service,One year,No,Credit card (automatic),19.9,153.95,1,19.24375,7-12 Months,0.06449007854471828,0,Low Risk,Routine engagement
Female,0,No,No,6,Yes,No,No,No internet service,No internet service,No internet service,No internet service,No internet service,No internet service,Month-to-month,No,Mailed check,20.2,123.65,1,20.608333333333334,0-6 Months,0.27725069277301057,0,Low Risk,Routine engagement
Male,0,No,No,13,Yes,Yes,Fiber optic,No,No,No,Yes,Yes,Yes,Month-to-month,Yes,Mailed check,99.0,1301.7,5,100.13076923076923,13-24 Months,0.8037776312394584,1,High Risk,Immediate retention intervention
Male,0,Yes,Yes,62,Yes,Yes,No,No internet service,No internet service,No internet service,No internet service,No internet service,No internet service,Two year,Yes,Bank transfer (automatic),24.25,1424.6,2,22.97741935483871,49+ Months,0.035023385569828785,0,Low Risk,Routine engagement
Male,0,Yes,No,34,Yes,Yes,Fiber optic,No,No,Yes,No,Yes,Yes,Month-to-month,Yes,Electronic check,100.05,3480.0,5,102.3529411764706,25-48 Months,0.791468120475597,1,High Risk,Immediate retention intervention
Male,0,No,No,9,Yes,Yes,Fiber optic,No,Yes,No,No,Yes,Yes,Month-to-month,Yes,Credit card (automatic),99.3,918.75,5,102.08333333333333,7-12 Months,0.9123966538014838,1,High Risk,Immediate retention intervention
Male,0,No,No,22,Yes,No,No,No internet service,No internet service,No internet service,No internet service,No internet service,No internet service,One year,No,Credit card (automatic),20.3,467.15,1,21.23409090909091,13-24 Months,0.05258961101652283,0,Low Risk,Routine engagement
Male,0,No,Yes,40,Yes,No,DSL,Yes,Yes,No,No,No,No,Month-to-month,Yes,Mailed check,55.25,2139.2,3,53.48,25-48 Months,0.25299094880082107,0,Low Risk,Routine engagement
Female,1,Yes,No,35,Yes,Yes,Fiber optic,Yes,Yes,No,Yes,Yes,No,Month-to-month,Yes,Bank transfer (automatic),100.5,3653.35,6,104.38142857142857,25-48 Months,0.4854013531951235,0,Medium Risk,Proactive engagement
Male,0,No,No,7,Yes,Yes,No,No internet service,No internet service,No internet service,No internet service,No internet service,No internet service,Month-to-month,No,Mailed check,23.5,173.0,2,24.714285714285715,7-12 Months,0.2368262442468625,0,Low Risk,Routine engagement
Male,1,No,No,32,Yes,No,No,No internet service,No internet service,No internet service,No internet service,No internet service,No internet service,One year,No,Credit card (automatic),19.8,587.7,1,18.365625,25-48 Months,0.04365214872791865,0,Low Risk,Routine engagement
Male,0,No,Yes,61,Yes,No,No,No internet service,No internet service,No internet service,No internet service,No internet service,No internet service,Two year,No,Mailed check,19.75,1124.2,1,18.42950819672131,49+ Months,0.027860157883644404,0,Low Risk,Routine engagement
Male,0,No,No,2,Yes,No,No,No internet service,No internet service,No internet service,No internet service,No internet service,No internet service,Month-to-month,No,Mailed check,20.75,44.2,1,22.1,0-6 Months,0.31935366136138393,0,Medium Risk,Proactive engagement
Female,0,Yes,No,56,Yes,Yes,Fiber optic,No,No,Yes,Yes,Yes,Yes,Two year,No,Bank transfer (automatic),103.2,5744.35,6,102.57767857142858,49+ Months,0.21500177547272958,0,Low Risk,Routine engagement
Female,1,Yes,No,65,Yes,Yes,Fiber optic,No,Yes,Yes,No,Yes,Yes,One year,Yes,Electronic check,106.25,6979.8,6,107.38153846153847,49+ Months,0.44523582679901536,0,Medium Risk,Proactive engagement
Female,0,Yes,Yes,28,Yes,Yes,DSL,No,No,No,No,No,No,Month-to-month,No,Mailed check,49.9,1410.25,2,50.36607142857143,25-48 Months,0.20403731433645494,0,Low Risk,Routine engagement
Male,0,No,No,18,Yes,Yes,DSL,Yes,No,Yes,No,Yes,No,Month-to-month,No,Mailed check,69.5,1199.4,5,66.63333333333334,13-24 Months,0.2124707136244701,0,Low Risk,Routine engagement
Female,0,Yes,Yes,71,Yes,Yes,DSL,Yes,Yes,Yes,Yes,Yes,Yes,Two year,Yes,Credit card (automatic),90.55,6239.05,8,87.87394366197184,49+ Months,0.016392657248559643,0,Low Risk,Routine engagement
Male,0,No,No,72,Yes,Yes,DSL,No,Yes,Yes,Yes,Yes,Yes,Two year,Yes,Bank transfer (automatic),88.6,6201.95,7,86.13819444444444,49+ Months,0.030233913836980153,0,Low Risk,Routine engagement
Male,1,No,No,1,Yes,Yes,Fiber optic,No,No,No,No,No,No,Month-to-month,Yes,Electronic check,76.45,76.45,2,76.45,0-6 Months,0.9408867410171327,1,High Risk,Immediate retention intervention
Male,0,No,No,1,Yes,No,No,No internet service,No internet service,No internet service,No internet service,No internet service,No internet service,Month-to-month,No,Mailed check,19.75,19.75,1,19.75,0-6 Months,0.6263699586455937,1,High Risk,Immediate retention intervention
Female,0,No,No,34,Yes,No,No,No internet service,No internet service,No internet service,No internet service,No internet service,No internet service,Month-to-month,No,Mailed check,20.35,673.2,1,19.8,25-48 Months,0.14673062486702745,0,Low Risk,Routine engagement
Female,0,No,No,8,Yes,Yes,Fiber optic,No,No,No,No,Yes,No,Month-to-month,Yes,Electronic check,87.05,762.1,3,95.2625,7-12 Months,0.8952541803341395,1,High Risk,Immediate retention intervention
Female,0,No,No,47,Yes,Yes,Fiber optic,No,Yes,Yes,No,Yes,Yes,Month-to-month,Yes,Electronic check,106.4,5127.95,6,109.10531914893616,25-48 Months,0.7818670770451307,1,High Risk,Immediate retention intervention
Female,0,Yes,Yes,72,Yes,Yes,No,No internet service,No internet service,No internet service,No internet service,No internet service,No internet service,Two year,Yes,Bank transfer (automatic),24.05,1709.15,2,23.738194444444446,49+ Months,0.009965025730983993,0,Low Risk,Routine engagement
Female,0,Yes,Yes,52,Yes,Yes,No,No internet service,No internet service,No internet service,No internet service,No internet service,No internet service,Two year,Yes,Bank transfer (automatic),25.05,1270.25,2,24.427884615384617,49+ Months,0.045686822558894724,0,Low Risk,Routine engagement
Male,0,No,No,3,Yes,No,No,No internet service,No internet service,No internet service,No internet service,No internet service,No internet service,Month-to-month,No,Mailed check,19.85,64.55,1,21.516666666666666,0-6 Months,0.2995020725043337,0,Low Risk,Routine engagement
Female,0,Yes,No,60,No,No phone service,DSL,Yes,Yes,No,Yes,No,No,Two year,No,Bank transfer (automatic),37.7,2288.7,3,38.144999999999996,49+ Months,0.03294404965164559,0,Low Risk,Routine engagement
Female,0,No,No,3,Yes,Yes,Fiber optic,No,No,No,No,Yes,Yes,Month-to-month,Yes,Electronic check,96.6,291.9,4,97.3,0-6 Months,0.9432473981682696,1,High Risk,Immediate retention intervention
Male,0,No,No,19,Yes,Yes,Fiber optic,No,No,No,No,No,Yes,Month-to-month,Yes,Bank transfer (automatic),86.0,1532.45,3,80.65526315789474,13-24 Months,0.7279969419027028,1,High Risk,Immediate retention intervention
Male,0,No,No,1,Yes,No,Fiber optic,No,No,No,No,No,No,Month-to-month,Yes,Electronic check,69.9,69.9,1,69.9,0-6 Months,0.921576592085916,1,High Risk,Immediate retention intervention
Female,0,Yes,No,6,Yes,Yes,Fiber optic,No,Yes,Yes,No,Yes,Yes,Month-to-month,Yes,Electronic check,105.3,545.2,6,90.86666666666667,0-6 Months,0.9124608652399135,1,High Risk,Immediate retention intervention
Male,0,Yes,Yes,49,Yes,No,DSL,Yes,Yes,No,Yes,No,No,Month-to-month,No,Credit card (automatic),59.6,2970.3,4,60.61836734693878,49+ Months,0.11700249925054024,0,Low Risk,Routine engagement
Male,1,No,No,22,Yes,Yes,Fiber optic,No,No,No,Yes,Yes,No,Month-to-month,Yes,Bank transfer (automatic),90.5,1910.6,4,86.84545454545454,13-24 Months,0.5844718687197222,1,Medium Risk,Proactive engagement
Female,0,Yes,Yes,42,Yes,No,No,No internet service,No internet service,No internet service,No internet service,No internet service,No internet service,One year,Yes,Electronic check,19.05,761.85,1,18.139285714285716,25-48 Months,0.025812244981660275,0,Low Risk,Routine engagement
Male,1,Yes,No,46,Yes,Yes,Fiber optic,No,No,Yes,No,Yes,Yes,Month-to-month,Yes,Electronic check,98.85,4564.9,5,99.23695652173912,25-48 Months,0.8341624297250325,1,High Risk,Immediate retention intervention
Male,0,No,No,68,No,No phone service,DSL,No,No,Yes,No,No,Yes,Month-to-month,Yes,Bank transfer (automatic),39.9,2796.35,2,41.12279411764706,49+ Months,0.3553733232710041,0,Medium Risk,Proactive engagement
Female,0,No,Yes,2,Yes,No,No,No internet service,No internet service,No internet service,No internet service,No internet service,No internet service,One year,No,Bank transfer (automatic),20.5,38.25,1,19.125,0-6 Months,0.059183873839869706,0,Low Risk,Routine engagement
Male,0,No,Yes,0,Yes,No,No,No internet service,No internet service,No internet service,No internet service,No internet service,No internet service,Two year,No,Mailed check,20.25,0.0,1,20.25,0-6 Months,0.024568185204490466,0,Low Risk,Routine engagement
Female,0,Yes,Yes,35,Yes,Yes,DSL,Yes,No,Yes,Yes,Yes,No,Month-to-month,No,Electronic check,72.25,2568.55,6,73.38714285714286,25-48 Months,0.20641009277404307,0,Low Risk,Routine engagement
Female,0,No,No,2,Yes,No,No,No internet service,No internet service,No internet service,No internet service,No internet service,No internet service,Month-to-month,No,Mailed check,19.5,27.55,1,13.775,0-6 Months,0.4056935848625373,0,Medium Risk,Proactive engagement
Male,0,Yes,Yes,68,Yes,No,DSL,Yes,Yes,Yes,Yes,No,No,Two year,No,Credit card (automatic),62.65,4375.8,5,64.35000000000001,49+ Months,0.031048139605265975,0,Low Risk,Routine engagement
Male,0,Yes,No,16,Yes,Yes,Fiber optic,No,No,No,No,No,No,Month-to-month,Yes,Electronic check,75.4,1189.4,2,74.3375,13-24 Months,0.8175343114933511,1,High Risk,Immediate retention intervention
Male,0,Yes,No,72,Yes,Yes,Fiber optic,Yes,No,Yes,Yes,Yes,Yes,Two year,Yes,Credit card (automatic),110.9,8240.85,7,114.45625000000001,49+ Months,0.10142638748856075,0,Low Risk,Routine engagement
Male,0,Yes,No,37,Yes,Yes,Fiber optic,No,No,Yes,Yes,Yes,No,Two year,No,Mailed check,94.3,3460.95,5,93.53918918918919,25-48 Months,0.09597569099541878,0,Low Risk,Routine engagement
Male,0,Yes,Yes,53,Yes,Yes,No,No internet service,No internet service,No internet service,No internet service,No internet service,No internet service,Two year,No,Credit card (automatic),25.55,1336.1,2,25.20943396226415,49+ Months,0.043109782824718904,0,Low Risk,Routine engagement
Female,0,No,No,40,Yes,Yes,Fiber optic,No,No,No,No,No,Yes,Month-to-month,No,Bank transfer (automatic),83.85,3532.25,3,88.30625,25-48 Months,0.5518872281278343,1,Medium Risk,Proactive engagement
Female,0,No,No,46,Yes,Yes,Fiber optic,No,Yes,Yes,No,No,Yes,One year,Yes,Electronic check,94.15,4408.45,5,95.8358695652174,25-48 Months,0.4187466314845741,0,Medium Risk,Proactive engagement
Male,0,No,No,3,Yes,Yes,Fiber optic,No,No,Yes,No,Yes,Yes,Month-to-month,Yes,Electronic check,100.95,329.95,5,109.98333333333333,0-6 Months,0.9443014651148632,1,High Risk,Immediate retention intervention
Female,0,No,No,1,Yes,No,Fiber optic,No,No,Yes,No,No,No,Month-to-month,No,Electronic check,75.3,75.3,2,75.3,0-6 Months,0.8629844829691808,1,High Risk,Immediate retention intervention
Male,0,No,No,7,Yes,No,No,No internet service,No internet service,No internet service,No internet service,No internet service,No internet service,Month-to-month,No,Electronic check,19.25,112.3,1,16.04285714285714,7-12 Months,0.12372279729582952,0,Low Risk,Routine engagement
Male,0,No,No,6,No,No phone service,DSL,No,Yes,No,No,No,No,Month-to-month,Yes,Credit card (automatic),30.5,208.7,1,34.78333333333333,0-6 Months,0.6537851716389153,1,High Risk,Immediate retention intervention
Male,0,No,No,46,Yes,Yes,Fiber optic,Yes,No,No,No,Yes,No,Month-to-month,Yes,Credit card (automatic),89.15,4245.55,4,92.29456521739131,25-48 Months,0.4047829997420979,0,Medium Risk,Proactive engagement
Female,0,Yes,No,54,Yes,Yes,DSL,No,No,No,No,Yes,Yes,One year,Yes,Credit card (automatic),70.15,3715.65,4,68.80833333333334,49+ Months,0.15525388286210098,0,Low Risk,Routine engagement
Male,1,No,No,15,Yes,No,Fiber optic,No,No,No,No,No,Yes,Month-to-month,Yes,Electronic check,79.4,1156.1,2,77.07333333333332,13-24 Months,0.808783770431953,1,High Risk,Immediate retention intervention
Male,0,No,No,3,Yes,Yes,Fiber optic,No,No,No,No,No,Yes,Month-to-month,Yes,Electronic check,85.3,264.8,3,88.26666666666667,0-6 Months,0.9154094650301865,1,High Risk,Immediate retention intervention
Male,0,Yes,Yes,70,Yes,No,No,No internet service,No internet service,No internet service,No internet service,No internet service,No internet service,Two year,No,Credit card (automatic),20.05,1360.25,1,19.432142857142857,49+ Months,0.016178971533207496,0,Low Risk,Routine engagement
Male,0,No,Yes,39,Yes,Yes,Fiber optic,No,No,No,Yes,Yes,Yes,Two year,No,Mailed check,100.55,3895.35,5,99.88076923076923,25-48 Months,0.17219461751278614,0,Low Risk,Routine engagement
Male,0,Yes,No,2,Yes,No,No,No internet service,No internet service,No internet service,No internet service,No internet service,No internet service,Month-to-month,No,Mailed check,20.0,38.0,1,19.0,0-6 Months,0.36126823731283697,0,Medium Risk,Proactive engagement
Male,0,No,No,18,Yes,Yes,Fiber optic,No,No,No,No,No,No,Month-to-month,Yes,Bank transfer (automatic),75.6,1395.05,2,77.50277777777778,13-24 Months,0.6414074547898265,1,High Risk,Immediate retention intervention
Male,1,No,No,72,Yes,Yes,No,No internet service,No internet service,No internet service,No internet service,No internet service,No internet service,Two year,Yes,Credit card (automatic),25.1,1789.9,2,24.859722222222224,49+ Months,0.015118167174518625,0,Low Risk,Routine engagement
Male,0,No,Yes,47,Yes,No,DSL,Yes,Yes,No,No,No,No,Month-to-month,Yes,Electronic check,55.3,2654.05,3,56.469148936170214,25-48 Months,0.3092207699093929,0,Medium Risk,Proactive engagement
Female,0,Yes,Yes,22,Yes,No,No,No internet service,No internet service,No internet service,No internet service,No internet service,No internet service,Month-to-month,No,Mailed check,19.9,400.3,1,18.195454545454545,13-24 Months,0.09978134706259009,0,Low Risk,Routine engagement
Male,0,Yes,Yes,71,Yes,Yes,DSL,Yes,Yes,Yes,Yes,Yes,Yes,Two year,No,Credit card (automatic),89.9,6457.15,8,90.94577464788732,49+ Months,0.02143614046240981,0,Low Risk,Routine engagement
Male,0,No,No,8,Yes,Yes,Fiber optic,No,No,No,No,No,No,Month-to-month,Yes,Electronic check,74.85,572.45,2,71.55625,7-12 Months,0.8401970915317893,1,High Risk,Immediate retention intervention
Female,0,Yes,Yes,71,Yes,No,No,No internet service,No internet service,No internet service,No internet service,No internet service,No internet service,Two year,No,Bank transfer (automatic),19.9,1389.35,1,19.56830985915493,49+ Months,0.008907708605526561,0,Low Risk,Routine engagement
Female,0,No,No,53,Yes,No,Fiber optic,No,Yes,Yes,Yes,No,Yes,One year,Yes,Credit card (automatic),94.45,5042.75,5,95.14622641509433,49+ Months,0.2984829016983441,0,Low Risk,Routine engagement
Male,1,Yes,No,37,Yes,No,Fiber optic,No,No,No,No,No,No,Month-to-month,Yes,Bank transfer (automatic),72.25,2575.45,1,69.60675675675675,25-48 Months,0.5667249795925824,1,Medium Risk,Proactive engagement
Male,0,Yes,No,64,Yes,Yes,DSL,No,Yes,No,Yes,No,Yes,One year,Yes,Mailed check,70.15,4480.7,5,70.0109375,49+ Months,0.1680658343573287,0,Low Risk,Routine engagement
Male,0,No,Yes,5,Yes,No,DSL,No,No,No,Yes,No,No,Month-to-month,Yes,Bank transfer (automatic),48.65,235.2,2,47.04,0-6 Months,0.48103823016211494,0,Medium Risk,Proactive engagement
Female,0,No,No,60,Yes,Yes,Fiber optic,No,Yes,Yes,No,Yes,Yes,Two year,No,Electronic check,104.7,6333.8,6,105.56333333333333,49+ Months,0.33420440912629396,0,Medium Risk,Proactive engagement
Male,0,No,No,2,Yes,No,DSL,No,Yes,No,No,No,No,Month-to-month,Yes,Mailed check,50.3,92.75,2,46.375,0-6 Months,0.6784482716232554,1,High Risk,Immediate retention intervention
Female,0,No,No,25,No,No phone service,DSL,No,No,Yes,Yes,Yes,Yes,One year,No,Electronic check,54.2,1423.15,4,56.926,25-48 Months,0.21138063511998645,0,Low Risk,Routine engagement
Female,0,Yes,Yes,6,Yes,No,No,No internet service,No internet service,No internet service,No internet service,No internet service,No internet service,Month-to-month,No,Mailed check,19.7,113.5,1,18.916666666666668,0-6 Months,0.26092581440159673,0,Low Risk,Routine engagement
Male,0,Yes,Yes,60,Yes,Yes,Fiber optic,Yes,No,Yes,Yes,Yes,Yes,Two year,Yes,Electronic check,110.6,6586.85,7,109.78083333333333,49+ Months,0.25117029550322345,0,Low Risk,Routine engagement
Female,0,No,No,30,Yes,Yes,Fiber optic,No,Yes,No,No,Yes,Yes,Month-to-month,Yes,Electronic check,100.2,2983.8,5,99.46000000000001,25-48 Months,0.8070768902650388,1,High Risk,Immediate retention intervention
Male,0,No,No,67,No,No phone service,DSL,Yes,No,Yes,Yes,Yes,No,One year,Yes,Bank transfer (automatic),49.35,3321.35,4,49.57238805970149,49+ Months,0.03228834163784666,0,Low Risk,Routine engagement
Male,0,No,No,53,Yes,Yes,No,No internet service,No internet service,No internet service,No internet service,No internet service,No internet service,One year,No,Bank transfer (automatic),24.05,1301.9,2,24.56415094339623,49+ Months,0.104703189281069,0,Low Risk,Routine engagement
Female,0,Yes,Yes,10,Yes,No,DSL,No,No,Yes,Yes,No,No,Month-to-month,No,Credit card (automatic),55.2,528.35,3,52.835,7-12 Months,0.33844133339279847,0,Medium Risk,Proactive engagement
Female,0,No,No,1,Yes,No,DSL,No,No,No,Yes,No,No,Month-to-month,Yes,Electronic check,52.2,52.2,2,52.2,0-6 Months,0.7320398605179318,1,High Risk,Immediate retention intervention
Male,0,Yes,No,55,No,No phone service,DSL,No,No,Yes,Yes,Yes,Yes,Month-to-month,Yes,Bank transfer (automatic),54.55,2978.3,4,54.150909090909096,49+ Months,0.16465793140922244,0,Low Risk,Routine engagement
Female,0,No,No,70,Yes,Yes,DSL,Yes,Yes,Yes,No,Yes,Yes,Two year,No,Mailed check,84.7,5991.05,7,85.58642857142857,49+ Months,0.04159723394648711,0,Low Risk,Routine engagement
Female,0,Yes,No,34,Yes,No,DSL,No,No,No,Yes,No,No,Month-to-month,No,Bank transfer (automatic),50.2,1815.3,2,53.391176470588235,25-48 Months,0.16893187577500426,0,Low Risk,Routine engagement
Female,0,No,No,68,Yes,Yes,Fiber optic,Yes,Yes,No,Yes,Yes,Yes,Two year,No,Credit card (automatic),110.25,7279.35,7,107.04926470588236,49+ Months,0.18931670776962578,0,Low Risk,Routine engagement
Female,0,Yes,No,59,Yes,Yes,Fiber optic,Yes,Yes,Yes,No,Yes,Yes,One year,Yes,Credit card (automatic),109.15,6557.75,7,111.14830508474576,49+ Months,0.3897696583821862,0,Medium Risk,Proactive engagement
Female,0,No,No,9,Yes,No,Fiber optic,Yes,No,No,No,No,No,Month-to-month,Yes,Electronic check,74.85,708.2,2,78.6888888888889,7-12 Months,0.7379285350220335,1,High Risk,Immediate retention intervention
Male,0,No,No,6,Yes,No,Fiber optic,No,No,No,No,Yes,No,Month-to-month,Yes,Credit card (automatic),80.5,463.05,2,77.175,0-6 Months,0.8112088247912299,1,High Risk,Immediate retention intervention
Male,0,Yes,No,50,Yes,Yes,Fiber optic,Yes,No,Yes,No,Yes,Yes,One year,Yes,Electronic check,103.95,5231.3,6,104.626,49+ Months,0.5236569587150829,0,Medium Risk,Proactive engagement
Female,1,Yes,Yes,72,Yes,Yes,DSL,Yes,Yes,Yes,Yes,Yes,Yes,Two year,No,Credit card (automatic),92.45,6440.25,8,89.44791666666667,49+ Months,0.015093523594198398,0,Low Risk,Routine engagement
Male,1,Yes,No,41,No,No phone service,DSL,No,Yes,Yes,No,Yes,Yes,Month-to-month,Yes,Electronic check,53.95,2215.4,4,54.03414634146342,25-48 Months,0.6296850691063786,1,High Risk,Immediate retention intervention
Male,0,No,No,4,Yes,No,DSL,No,No,No,Yes,No,No,Month-to-month,Yes,Mailed check,50.8,202.3,2,50.575,0-6 Months,0.497417658294581,0,Medium Risk,Proactive engagement
Male,0,Yes,Yes,47,No,No phone service,DSL,Yes,No,Yes,Yes,No,No,One year,No,Electronic check,40.3,1794.8,3,38.18723404255319,25-48 Months,0.12590469526508621,0,Low Risk,Routine engagement
Male,0,Yes,Yes,62,Yes,Yes,Fiber optic,Yes,Yes,No,No,Yes,No,One year,Yes,Credit card (automatic),94.95,5791.85,5,93.41693548387097,49+ Months,0.19275151043234529,0,Low Risk,Routine engagement
Female,0,Yes,Yes,18,Yes,No,No,No internet service,No internet service,No internet service,No internet service,No internet service,No internet service,Month-to-month,No,Mailed check,20.45,357.0,1,19.833333333333332,13-24 Months,0.14977214840243885,0,Low Risk,Routine engagement
Female,0,Yes,No,3,Yes,Yes,Fiber optic,No,No,No,No,No,No,Month-to-month,Yes,Electronic check,75.85,256.6,2,85.53333333333335,0-6 Months,0.8981220640531966,1,High Risk,Immediate retention intervention
Male,0,No,No,65,Yes,Yes,No,No internet service,No internet service,No internet service,No internet service,No internet service,No internet service,Two year,Yes,Bank transfer (automatic),25.1,1725.0,2,26.53846153846154,49+ Months,0.038829771364993784,0,Low Risk,Routine engagement
Male,0,Yes,No,59,Yes,Yes,Fiber optic,No,No,No,No,No,Yes,One year,No,Electronic check,85.55,5084.65,3,86.18050847457627,49+ Months,0.3861972500598323,0,Medium Risk,Proactive engagement
Female,0,No,No,60,Yes,No,DSL,No,Yes,Yes,Yes,Yes,No,One year,Yes,Credit card (automatic),70.15,4224.7,5,70.41166666666666,49+ Months,0.11277767408941279,0,Low Risk,Routine engagement
Female,0,No,No,10,Yes,No,No,No internet service,No internet service,No internet service,No internet service,No internet service,No internet service,Month-to-month,Yes,Mailed check,20.55,187.35,1,18.735,7-12 Months,0.22784922818150863,0,Low Risk,Routine engagement
Male,0,Yes,Yes,7,No,No phone service,DSL,Yes,Yes,Yes,No,No,No,Two year,No,Mailed check,38.55,280.0,3,40.0,7-12 Months,0.06748804712651336,0,Low Risk,Routine engagement
Male,0,No,No,28,Yes,No,Fiber optic,No,No,Yes,Yes,No,Yes,Month-to-month,No,Electronic check,91.0,2626.15,4,93.79107142857143,25-48 Months,0.49908232624477555,0,Medium Risk,Proactive engagement
Male,1,Yes,No,29,Yes,Yes,Fiber optic,No,No,No,Yes,No,No,Month-to-month,Yes,Electronic check,79.3,2414.55,3,83.26034482758621,25-48 Months,0.6801583020697096,1,High Risk,Immediate retention intervention
Male,0,Yes,Yes,0,Yes,No,No,No internet service,No internet service,No internet service,No internet service,No internet service,No internet service,One year,Yes,Mailed check,19.7,0.0,1,19.7,0-6 Months,0.12420529576980956,0,Low Risk,Routine engagement
Female,0,No,No,37,Yes,Yes,DSL,Yes,No,No,No,Yes,No,One year,No,Bank transfer (automatic),64.65,2347.85,4,63.4554054054054,25-48 Months,0.06093293664901225,0,Low Risk,Routine engagement
Female,0,Yes,Yes,45,Yes,Yes,No,No internet service,No internet service,No internet service,No internet service,No internet service,No internet service,Two year,Yes,Bank transfer (automatic),24.65,1138.8,2,25.306666666666665,25-48 Months,0.04751320385427743,0,Low Risk,Routine engagement
Male,0,Yes,No,61,Yes,Yes,DSL,No,Yes,Yes,No,Yes,Yes,One year,Yes,Electronic check,79.8,4914.8,6,80.57049180327868,49+ Months,0.32523341276574413,0,Medium Risk,Proactive engagement
Female,0,Yes,No,64,Yes,No,No,No internet service,No internet service,No internet service,No internet service,No internet service,No internet service,Two year,No,Credit card (automatic),19.45,1208.6,1,18.884375,49+ Months,0.03683412737979661,0,Low Risk,Routine engagement
Male,0,Yes,Yes,63,Yes,Yes,Fiber optic,No,Yes,No,No,No,Yes,One year,Yes,Electronic check,91.35,5764.7,4,91.5031746031746,49+ Months,0.39830281964667663,0,Medium Risk,Proactive engagement
Female,1,Yes,No,37,Yes,Yes,Fiber optic,No,No,No,No,No,No,Month-to-month,Yes,Electronic check,76.5,2868.15,2,77.51756756756757,25-48 Months,0.737588709202954,1,High Risk,Immediate retention intervention
Female,1,Yes,No,72,Yes,Yes,No,No internet service,No internet service,No internet service,No internet service,No internet service,No internet service,Two year,No,Bank transfer (automatic),24.3,1778.7,2,24.704166666666666,49+ Months,0.011690362390729944,0,Low Risk,Routine engagement
Female,0,Yes,Yes,66,Yes,Yes,DSL,Yes,Yes,Yes,Yes,Yes,Yes,Two year,No,Credit card (automatic),89.9,5958.85,8,90.28560606060607,49+ Months,0.03778842532591387,0,Low Risk,Routine engagement
Female,0,No,No,1,Yes,Yes,Fiber optic,No,No,No,No,Yes,Yes,Month-to-month,No,Mailed check,95.65,95.65,4,95.65,0-6 Months,0.9416621150602643,1,High Risk,Immediate retention intervention
Female,0,Yes,No,9,Yes,No,Fiber optic,No,No,No,No,No,Yes,Month-to-month,Yes,Electronic check,79.75,769.1,2,85.45555555555556,7-12 Months,0.8357772917823737,1,High Risk,Immediate retention intervention
Male,0,No,No,1,No,No phone service,DSL,No,No,No,No,No,No,Month-to-month,No,Mailed check,25.35,25.35,0,25.35,0-6 Months,0.749546548624374,1,High Risk,Immediate retention intervention
Female,1,No,No,4,Yes,No,Fiber optic,No,Yes,Yes,No,Yes,Yes,Month-to-month,Yes,Credit card (automatic),99.8,442.85,5,110.7125,0-6 Months,0.9145427367596956,1,High Risk,Immediate retention intervention
Female,1,Yes,No,38,Yes,Yes,Fiber optic,No,No,No,No,No,No,Month-to-month,Yes,Bank transfer (automatic),74.95,2869.85,2,75.52236842105263,25-48 Months,0.6066543172958502,1,High Risk,Immediate retention intervention
Male,0,Yes,Yes,44,Yes,No,DSL,No,Yes,Yes,Yes,No,No,Month-to-month,Yes,Mailed check,61.9,2924.05,4,66.45568181818182,25-48 Months,0.20983382697212527,0,Low Risk,Routine engagement
Female,0,Yes,No,22,Yes,No,DSL,No,Yes,Yes,No,No,No,Month-to-month,Yes,Mailed check,54.7,1178.75,3,53.57954545454545,13-24 Months,0.4450051958322127,0,Medium Risk,Proactive engagement
Female,0,No,No,53,Yes,Yes,Fiber optic,Yes,No,Yes,No,Yes,Yes,One year,Yes,Credit card (automatic),106.95,5785.5,6,109.16037735849056,49+ Months,0.46359019216131075,0,Medium Risk,Proactive engagement
Male,1,Yes,No,23,Yes,No,Fiber optic,No,No,No,No,Yes,Yes,Month-to-month,Yes,Electronic check,90.45,2117.25,3,92.05434782608695,13-24 Months,0.7945178903431861,1,High Risk,Immediate retention intervention
Female,0,No,No,20,Yes,No,No,No internet service,No internet service,No internet service,No internet service,No internet service,No internet service,Month-to-month,Yes,Credit card (automatic),18.9,347.65,1,17.3825,13-24 Months,0.0842881368655195,0,Low Risk,Routine engagement
Male,0,No,No,51,Yes,Yes,No,No internet service,No internet service,No internet service,No internet service,No internet service,No internet service,Two year,No,Mailed check,24.75,1234.6,2,24.2078431372549,49+ Months,0.0486889066851908,0,Low Risk,Routine engagement
Male,0,Yes,Yes,62,Yes,No,No,No internet service,No internet service,No internet service,No internet service,No internet service,No internet service,Two year,No,Credit card (automatic),20.65,1218.45,1,19.65241935483871,49+ Months,0.023515769113246626,0,Low Risk,Routine engagement
Male,0,No,No,7,Yes,No,No,No internet service,No internet service,No internet service,No internet service,No internet service,No internet service,Month-to-month,Yes,Mailed check,18.95,130.55,1,18.650000000000002,7-12 Months,0.09289953961639157,0,Low Risk,Routine engagement
Female,0,No,No,17,Yes,No,Fiber optic,No,Yes,No,No,Yes,No,Month-to-month,Yes,Electronic check,83.55,1329.15,3,78.18529411764706,13-24 Months,0.7428223484526238,1,High Risk,Immediate retention intervention
Male,0,No,Yes,41,Yes,No,DSL,Yes,Yes,Yes,No,Yes,No,One year,No,Mailed check,70.2,2894.55,5,70.59878048780489,25-48 Months,0.11627578911006728,0,Low Risk,Routine engagement
Female,0,No,No,7,Yes,No,Fiber optic,No,Yes,No,No,Yes,Yes,One year,Yes,Mailed check,94.05,633.45,4,90.49285714285715,7-12 Months,0.5100705107546909,0,Medium Risk,Proactive engagement
Male,0,No,Yes,1,Yes,Yes,DSL,No,No,No,No,No,No,Month-to-month,Yes,Electronic check,50.05,50.05,2,50.05,0-6 Months,0.8236912047581675,1,High Risk,Immediate retention intervention
Female,0,Yes,No,64,Yes,Yes,DSL,No,No,Yes,Yes,No,No,One year,No,Bank transfer (automatic),58.35,3756.45,4,58.69453125,49+ Months,0.061052442287007264,0,Low Risk,Routine engagement
Female,0,No,No,3,Yes,Yes,Fiber optic,No,No,No,No,No,No,Month-to-month,Yes,Electronic check,75.5,220.6,2,73.53333333333333,0-6 Months,0.8752248217108332,1,High Risk,Immediate retention intervention
Female,1,Yes,No,50,Yes,No,Fiber optic,No,No,No,No,No,No,Month-to-month,Yes,Electronic check,71.05,3444.85,1,68.89699999999999,49+ Months,0.5908023236073433,1,Medium Risk,Proactive engagement
Male,0,Yes,No,18,Yes,Yes,DSL,No,Yes,No,No,No,No,Month-to-month,No,Credit card (automatic),56.8,1074.65,3,59.70277777777778,13-24 Months,0.3574842825674218,0,Medium Risk,Proactive engagement
Female,0,Yes,Yes,13,Yes,No,DSL,No,No,No,No,No,Yes,Month-to-month,No,Electronic check,55.95,734.35,2,56.48846153846154,13-24 Months,0.4599967730253941,0,Medium Risk,Proactive engagement
Male,0,Yes,Yes,69,Yes,No,DSL,Yes,Yes,No,Yes,Yes,Yes,Two year,No,Bank transfer (automatic),80.65,5542.55,6,80.3268115942029,49+ Months,0.05186193863671779,0,Low Risk,Routine engagement
Female,0,No,No,1,Yes,Yes,Fiber optic,No,Yes,No,No,No,No,Month-to-month,Yes,Mailed check,79.15,79.15,3,79.15,0-6 Months,0.9208516211518197,1,High Risk,Immediate retention intervention
Male,0,No,No,4,Yes,Yes,Fiber optic,Yes,No,No,No,Yes,No,Month-to-month,No,Electronic check,90.65,367.95,4,91.9875,0-6 Months,0.6926121561825884,1,High Risk,Immediate retention intervention
Male,0,No,No,1,Yes,No,DSL,No,No,No,No,Yes,No,Month-to-month,Yes,Mailed check,53.5,53.5,2,53.5,0-6 Months,0.778557258667972,1,High Risk,Immediate retention intervention
Male,0,Yes,Yes,25,Yes,No,DSL,No,Yes,Yes,No,No,No,One year,No,Mailed check,53.65,1355.45,3,54.218,25-48 Months,0.178702036194847,0,Low Risk,Routine engagement
Female,0,Yes,Yes,18,Yes,No,DSL,No,No,No,No,Yes,No,Month-to-month,No,Mailed check,55.95,1082.8,2,60.15555555555555,13-24 Months,0.37064606109793374,0,Medium Risk,Proactive engagement
Male,0,Yes,Yes,48,Yes,Yes,No,No internet service,No internet service,No internet service,No internet service,No internet service,No internet service,Two year,No,Mailed check,23.55,1173.35,2,24.444791666666664,25-48 Months,0.03407641521584988,0,Low Risk,Routine engagement
Male,0,No,No,26,Yes,No,No,No internet service,No internet service,No internet service,No internet service,No internet service,No internet service,One year,Yes,Credit card (automatic),20.65,595.5,1,22.903846153846153,25-48 Months,0.05312409995778265,0,Low Risk,Routine engagement
Male,0,No,No,1,Yes,No,Fiber optic,No,No,No,No,No,No,Month-to-month,Yes,Electronic check,69.1,69.1,1,69.1,0-6 Months,0.9212452283343067,1,High Risk,Immediate retention intervention
Female,0,No,Yes,4,No,No phone service,DSL,Yes,Yes,Yes,No,Yes,Yes,Month-to-month,Yes,Mailed check,57.2,223.75,5,55.9375,0-6 Months,0.6132667498495542,1,High Risk,Immediate retention intervention
Male,0,No,No,1,Yes,No,No,No internet service,No internet service,No internet service,No internet service,No internet service,No internet service,Month-to-month,No,Mailed check,20.3,20.3,1,20.3,0-6 Months,0.4713594157311757,0,Medium Risk,Proactive engagement
Male,0,Yes,Yes,11,Yes,Yes,Fiber optic,No,No,No,No,No,No,Month-to-month,Yes,Electronic check,74.35,834.2,2,75.83636363636364,7-12 Months,0.8081864152653216,1,High Risk,Immediate retention intervention
Male,0,Yes,Yes,4,Yes,No,DSL,No,No,No,Yes,No,Yes,Month-to-month,No,Credit card (automatic),61.45,229.55,3,57.3875,0-6 Months,0.4134025500895684,0,Medium Risk,Proactive engagement
Female,1,No,No,8,Yes,No,No,No internet service,No internet service,No internet service,No internet service,No internet service,No internet service,Month-to-month,No,Electronic check,19.65,164.3,1,20.5375,7-12 Months,0.2443302667056604,0,Low Risk,Routine engagement
Female,0,Yes,No,6,Yes,Yes,Fiber optic,No,Yes,No,No,No,Yes,Month-to-month,Yes,Electronic check,90.75,512.25,4,85.375,0-6 Months,0.9021504883012961,1,High Risk,Immediate retention intervention
Male,0,No,No,72,Yes,Yes,DSL,Yes,Yes,Yes,Yes,Yes,Yes,Two year,No,Bank transfer (automatic),92.0,6632.75,8,92.12152777777777,49+ Months,0.016884444315892123,0,Low Risk,Routine engagement
Female,0,No,No,27,Yes,No,DSL,Yes,Yes,No,No,No,No,Two year,No,Bank transfer (automatic),52.85,1498.65,3,55.50555555555556,25-48 Months,0.04917565564340856,0,Low Risk,Routine engagement
Female,1,No,Yes,1,Yes,No,Fiber optic,No,No,No,No,No,No,Month-to-month,Yes,Electronic check,71.0,71.0,1,71.0,0-6 Months,0.9121176918604339,1,High Risk,Immediate retention intervention
Female,0,No,No,17,Yes,No,No,No internet service,No internet service,No internet service,No internet service,No internet service,No internet service,One year,No,Mailed check,20.15,353.65,1,20.802941176470586,13-24 Months,0.040318965855866556,0,Low Risk,Routine engagement
Male,0,No,No,66,Yes,Yes,DSL,Yes,Yes,Yes,Yes,No,No,Two year,No,Bank transfer (automatic),68.75,4447.55,6,67.38712121212122,49+ Months,0.04270552126962668,0,Low Risk,Routine engagement
Male,0,No,No,53,Yes,No,No,No internet service,No internet service,No internet service,No internet service,No internet service,No internet service,Two year,No,Credit card (automatic),19.5,1050.5,1,19.82075471698113,49+ Months,0.08061116823820373,0,Low Risk,Routine engagement
Male,0,Yes,No,44,Yes,Yes,Fiber optic,Yes,No,Yes,No,No,No,Month-to-month,Yes,Credit card (automatic),84.8,3626.35,4,82.41704545454546,25-48 Months,0.33272750897826725,0,Medium Risk,Proactive engagement
Male,0,Yes,Yes,52,Yes,No,No,No internet service,No internet service,No internet service,No internet service,No internet service,No internet service,One year,Yes,Credit card (automatic),20.85,1071.6,1,20.607692307692307,49+ Months,0.06417717523954782,0,Low Risk,Routine engagement
Male,1,Yes,No,70,Yes,Yes,DSL,Yes,Yes,Yes,Yes,Yes,Yes,Two year,No,Credit card (automatic),90.05,6333.4,8,90.47714285714285,49+ Months,0.05090534177664594,0,Low Risk,Routine engagement
Female,0,No,No,1,Yes,Yes,No,No internet service,No internet service,No internet service,No internet service,No internet service,No internet service,Month-to-month,Yes,Mailed check,25.75,25.75,2,25.75,0-6 Months,0.5558734147576503,1,Medium Risk,Proactive engagement
Male,0,Yes,No,61,Yes,Yes,Fiber optic,No,Yes,No,Yes,Yes,No,Two year,Yes,Electronic check,94.1,5638.3,5,92.43114754098362,49+ Months,0.20689468519381954,0,Low Risk,Routine engagement
Male,0,Yes,Yes,19,Yes,Yes,Fiber optic,No,No,No,Yes,Yes,Yes,One year,Yes,Electronic check,100.95,1875.55,5,98.71315789473684,13-24 Months,0.5930836958681277,1,Medium Risk,Proactive engagement
Female,0,Yes,Yes,11,Yes,No,No,No internet service,No internet service,No internet service,No internet service,No internet service,No internet service,One year,No,Mailed check,20.6,233.9,1,21.263636363636365,7-12 Months,0.044091147723144174,0,Low Risk,Routine engagement
Male,0,No,No,26,Yes,No,Fiber optic,No,Yes,No,No,Yes,No,Month-to-month,Yes,Electronic check,85.75,2146.5,3,82.5576923076923,25-48 Months,0.7172858244724409,1,High Risk,Immediate retention intervention
Female,0,No,No,60,Yes,No,No,No internet service,No internet service,No internet service,No internet service,No internet service,No internet service,Two year,No,Bank transfer (automatic),19.85,1128.1,1,18.801666666666666,49+ Months,0.052850398006031425,0,Low Risk,Routine engagement
Male,0,No,No,1,Yes,No,Fiber optic,No,No,Yes,No,Yes,No,Month-to-month,Yes,Electronic check,84.85,84.85,3,84.85,0-6 Months,0.9280527005416752,1,High Risk,Immediate retention intervention
Male,0,No,No,26,Yes,Yes,Fiber optic,Yes,Yes,No,No,Yes,No,Month-to-month,Yes,Credit card (automatic),92.4,2349.8,5,90.37692307692308,25-48 Months,0.5302692793646753,0,Medium Risk,Proactive engagement
Male,1,No,No,24,Yes,Yes,Fiber optic,No,Yes,No,No,No,No,Month-to-month,Yes,Electronic check,80.5,2088.45,3,87.01875,13-24 Months,0.7888000412933105,1,High Risk,Immediate retention intervention
Male,0,Yes,Yes,22,Yes,No,Fiber optic,No,Yes,Yes,No,Yes,Yes,One year,Yes,Mailed check,100.05,2090.25,5,95.01136363636364,13-24 Months,0.41795099942067715,0,Medium Risk,Proactive engagement
Female,0,Yes,No,51,Yes,Yes,Fiber optic,No,No,Yes,No,Yes,Yes,One year,Yes,Electronic check,98.85,4947.55,5,97.0107843137255,49+ Months,0.5635111509390593,1,Medium Risk,Proactive engagement
Male,1,Yes,No,61,Yes,Yes,Fiber optic,No,Yes,No,Yes,No,No,One year,Yes,Bank transfer (automatic),85.55,5251.75,4,86.09426229508196,49+ Months,0.1791937648079323,0,Low Risk,Routine engagement
Male,0,Yes,No,44,No,No phone service,DSL,No,Yes,Yes,No,Yes,Yes,Two year,No,Bank transfer (automatic),54.3,2390.45,4,54.32840909090908,25-48 Months,0.1677672825668691,0,Low Risk,Routine engagement
Female,0,Yes,Yes,0,Yes,No,DSL,Yes,Yes,Yes,No,Yes,Yes,Two year,No,Mailed check,80.85,0.0,6,80.85,0-6 Months,0.15068756903479613,0,Low Risk,Routine engagement
Female,0,No,No,5,Yes,No,Fiber optic,No,No,No,Yes,No,No,Month-to-month,Yes,Mailed check,75.65,399.45,2,79.89,0-6 Months,0.7477783132307225,1,High Risk,Immediate retention intervention
Female,0,Yes,No,1,Yes,No,Fiber optic,No,No,No,No,Yes,No,Month-to-month,No,Electronic check,78.8,78.8,2,78.8,0-6 Months,0.8959400419786837,1,High Risk,Immediate retention intervention
Male,0,No,No,26,Yes,Yes,DSL,Yes,Yes,No,No,No,No,One year,No,Electronic check,61.55,1581.95,4,60.84423076923077,25-48 Months,0.18613721685122883,0,Low Risk,Routine engagement
Female,0,No,No,15,Yes,Yes,Fiber optic,Yes,No,Yes,No,No,No,Month-to-month,Yes,Credit card (automatic),84.35,1302.65,4,86.84333333333333,13-24 Months,0.5519969714243602,1,Medium Risk,Proactive engagement
Male,0,Yes,No,4,Yes,No,Fiber optic,No,No,No,No,Yes,No,Month-to-month,Yes,Electronic check,80.35,307.4,2,76.85,0-6 Months,0.8712897964502118,1,High Risk,Immediate retention intervention
Male,0,Yes,No,12,Yes,No,Fiber optic,Yes,Yes,Yes,No,No,No,Month-to-month,Yes,Electronic check,84.6,959.9,4,79.99166666666666,7-12 Months,0.7054822768061925,1,High Risk,Immediate retention intervention
Male,0,No,Yes,1,Yes,No,DSL,No,No,No,Yes,No,No,Month-to-month,Yes,Mailed check,49.9,49.9,2,49.9,0-6 Months,0.5753140662705845,1,Medium Risk,Proactive engagement
Male,0,Yes,Yes,22,Yes,No,DSL,Yes,Yes,No,Yes,No,No,Month-to-month,Yes,Mailed check,57.95,1271.8,4,57.809090909090905,13-24 Months,0.2128602158187666,0,Low Risk,Routine engagement
Male,0,Yes,No,49,No,No phone service,DSL,No,Yes,No,No,Yes,Yes,Two year,No,Credit card (automatic),49.65,2409.9,3,49.18163265306123,49+ Months,0.21975247066783823,0,Low Risk,Routine engagement
Male,0,No,No,13,Yes,No,No,No internet service,No internet service,No internet service,No internet service,No internet service,No internet service,Two year,No,Mailed check,19.75,265.75,1,20.442307692307693,13-24 Months,0.014641209260567901,0,Low Risk,Routine engagement
Female,0,Yes,No,66,Yes,Yes,Fiber optic,No,Yes,Yes,Yes,No,No,One year,Yes,Bank transfer (automatic),90.55,6130.95,5,92.89318181818182,49+ Months,0.16759003710966625,0,Low Risk,Routine engagement
Male,0,Yes,No,62,No,No phone service,DSL,No,No,No,Yes,Yes,No,Two year,Yes,Bank transfer (automatic),39.0,2337.45,2,37.7008064516129,49+ Months,0.047377185586303085,0,Low Risk,Routine engagement
Male,0,Yes,Yes,66,Yes,Yes,DSL,No,No,Yes,No,Yes,No,Two year,Yes,Bank transfer (automatic),63.3,4189.7,4,63.48030303030303,49+ Months,0.06376957347249658,0,Low Risk,Routine engagement
Female,0,No,No,3,No,No phone service,DSL,No,No,No,No,Yes,No,Month-to-month,No,Credit card (automatic),35.2,108.95,1,36.31666666666667,0-6 Months,0.6458433755563702,1,High Risk,Immediate retention intervention
Male,0,No,No,63,Yes,Yes,DSL,Yes,Yes,Yes,Yes,No,No,One year,No,Bank transfer (automatic),68.8,4111.35,6,65.25952380952381,49+ Months,0.11040090612493442,0,Low Risk,Routine engagement
Male,0,Yes,Yes,15,Yes,No,No,No internet service,No internet service,No internet service,No internet service,No internet service,No internet service,Two year,No,Mailed check,19.35,278.85,1,18.59,13-24 Months,0.01303913733091177,0,Low Risk,Routine engagement
Female,0,Yes,No,43,Yes,Yes,Fiber optic,Yes,Yes,No,No,No,Yes,Month-to-month,Yes,Electronic check,94.1,4107.3,5,95.51860465116279,25-48 Months,0.5965466917556508,1,Medium Risk,Proactive engagement
Male,1,No,No,65,Yes,Yes,Fiber optic,Yes,No,Yes,Yes,Yes,Yes,Two year,Yes,Electronic check,109.05,7108.2,7,109.35692307692307,49+ Months,0.3505610284456374,0,Medium Risk,Proactive engagement
Female,0,No,No,2,Yes,Yes,Fiber optic,No,No,No,No,No,Yes,Month-to-month,Yes,Electronic check,85.7,169.8,3,84.9,0-6 Months,0.9280221250088342,1,High Risk,Immediate retention intervention
Female,0,No,No,14,Yes,No,DSL,Yes,No,No,No,No,No,Month-to-month,No,Bank transfer (automatic),50.1,709.5,2,50.67857142857143,13-24 Months,0.292090847499895,0,Low Risk,Routine engagement
Female,0,Yes,Yes,68,Yes,Yes,Fiber optic,Yes,No,Yes,Yes,Yes,Yes,Two year,Yes,Bank transfer (automatic),109.05,7508.55,7,110.41985294117647,49+ Months,0.2937676740693334,0,Low Risk,Routine engagement
Male,0,No,No,20,Yes,No,No,No internet service,No internet service,No internet service,No internet service,No internet service,No internet service,Month-to-month,Yes,Credit card (automatic),19.6,356.15,1,17.807499999999997,13-24 Months,0.14983700953063517,0,Low Risk,Routine engagement
Female,0,Yes,Yes,57,Yes,Yes,DSL,Yes,Yes,No,Yes,No,No,Month-to-month,No,Bank transfer (automatic),65.2,3687.85,5,64.69912280701755,49+ Months,0.10454058247835413,0,Low Risk,Routine engagement
Male,0,No,No,72,Yes,No,No,No internet service,No internet service,No internet service,No internet service,No internet service,No internet service,Two year,Yes,Credit card (automatic),19.8,1468.75,1,20.399305555555557,49+ Months,0.008108288954346256,0,Low Risk,Routine engagement
Male,0,No,No,6,Yes,No,Fiber optic,No,Yes,No,No,No,Yes,Month-to-month,Yes,Electronic check,84.4,556.35,3,92.72500000000001,0-6 Months,0.8689799632917613,1,High Risk,Immediate retention intervention
Male,0,No,No,53,Yes,Yes,DSL,No,Yes,Yes,Yes,No,Yes,Two year,Yes,Bank transfer (automatic),73.9,3958.25,6,74.68396226415095,49+ Months,0.08230891700125888,0,Low Risk,Routine engagement
Female,0,Yes,Yes,57,Yes,No,DSL,Yes,No,No,No,Yes,Yes,One year,Yes,Bank transfer (automatic),70.1,3913.3,4,68.65438596491228,49+ Months,0.07643981414611169,0,Low Risk,Routine engagement
Male,0,No,No,1,Yes,No,No,No internet service,No internet service,No internet service,No internet service,No internet service,No internet service,Month-to-month,Yes,Mailed check,20.1,20.1,1,20.1,0-6 Months,0.7270891979642343,1,High Risk,Immediate retention intervention
Male,0,No,No,15,Yes,Yes,DSL,No,No,No,No,No,No,Month-to-month,Yes,Electronic check,49.0,749.25,2,49.95,13-24 Months,0.622739890397774,1,High Risk,Immediate retention intervention
Female,1,No,No,40,Yes,No,Fiber optic,Yes,Yes,No,No,No,No,Month-to-month,Yes,Credit card (automatic),79.2,3233.85,3,80.84625,25-48 Months,0.5575525179734732,1,Medium Risk,Proactive engagement
Male,0,No,No,71,No,No phone service,DSL,Yes,Yes,Yes,Yes,Yes,No,Two year,No,Bank transfer (automatic),53.95,3888.65,5,54.76971830985916,49+ Months,0.015428678812715868,0,Low Risk,Routine engagement
Female,1,Yes,No,13,No,No phone service,DSL,No,No,No,No,Yes,Yes,Month-to-month,No,Electronic check,45.3,528.45,2,40.650000000000006,13-24 Months,0.6806418930822911,1,High Risk,Immediate retention intervention
Female,0,Yes,No,72,Yes,Yes,DSL,Yes,Yes,Yes,Yes,Yes,Yes,Two year,Yes,Bank transfer (automatic),91.15,6637.9,8,92.19305555555555,49+ Months,0.014154610339437705,0,Low Risk,Routine engagement
Female,0,Yes,Yes,52,Yes,Yes,Fiber optic,No,Yes,Yes,No,Yes,No,One year,Yes,Credit card (automatic),95.7,4976.15,5,95.6951923076923,49+ Months,0.28414053396868816,0,Low Risk,Routine engagement
Female,0,Yes,No,63,Yes,No,Fiber optic,Yes,No,Yes,No,No,No,One year,Yes,Credit card (automatic),81.15,5224.5,3,82.92857142857143,49+ Months,0.10844876023649115,0,Low Risk,Routine engagement
Male,0,No,No,29,Yes,No,No,No internet service,No internet service,No internet service,No internet service,No internet service,No internet service,One year,No,Mailed check,19.1,529.5,1,18.25862068965517,25-48 Months,0.009297057568393972,0,Low Risk,Routine engagement
Female,0,No,No,29,Yes,Yes,Fiber optic,No,No,Yes,No,Yes,Yes,Month-to-month,No,Bank transfer (automatic),100.55,2878.75,5,99.26724137931035,25-48 Months,0.6786495252399911,1,High Risk,Immediate retention intervention
Male,0,No,No,3,Yes,No,No,No internet service,No internet service,No internet service,No internet service,No internet service,No internet service,Month-to-month,Yes,Credit card (automatic),20.75,67.1,1,22.366666666666664,0-6 Months,0.34891495423021557,0,Medium Risk,Proactive engagement
Male,0,Yes,Yes,19,Yes,No,No,No internet service,No internet service,No internet service,No internet service,No internet service,No internet service,Month-to-month,No,Mailed check,20.6,414.95,1,21.839473684210525,13-24 Months,0.13878026013895137,0,Low Risk,Routine engagement
Male,0,Yes,Yes,61,Yes,Yes,Fiber optic,No,No,Yes,No,Yes,Yes,One year,Yes,Electronic check,99.9,6241.35,5,102.31721311475411,49+ Months,0.6010061229245831,1,High Risk,Immediate retention intervention
Female,0,No,No,10,Yes,No,DSL,No,No,Yes,Yes,No,No,Month-to-month,No,Electronic check,54.25,583.0,3,58.3,7-12 Months,0.4692220448544151,0,Medium Risk,Proactive engagement
Female,0,Yes,No,67,Yes,Yes,Fiber optic,No,Yes,Yes,Yes,Yes,Yes,One year,Yes,Credit card (automatic),109.7,7344.45,7,109.6186567164179,49+ Months,0.3469695879076146,0,Medium Risk,Proactive engagement
Male,0,No,No,42,Yes,No,No,No internet service,No internet service,No internet service,No internet service,No internet service,No internet service,One year,Yes,Mailed check,19.55,839.4,1,19.985714285714284,25-48 Months,0.0362123819916548,0,Low Risk,Routine engagement
Female,0,No,No,1,Yes,No,Fiber optic,No,Yes,No,No,No,No,Month-to-month,Yes,Electronic check,75.7,75.7,2,75.7,0-6 Months,0.8976081467234329,1,High Risk,Immediate retention intervention
Female,0,No,No,5,Yes,Yes,Fiber optic,No,No,No,No,Yes,No,Month-to-month,Yes,Electronic check,84.0,424.75,3,84.95,0-6 Months,0.9098781060380909,1,High Risk,Immediate retention intervention
Female,0,No,No,20,Yes,No,No,No internet service,No internet service,No internet service,No internet service,No internet service,No internet service,One year,No,Mailed check,19.5,403.15,1,20.1575,13-24 Months,0.04274236834621017,0,Low Risk,Routine engagement
Male,1,No,No,1,Yes,No,Fiber optic,No,No,No,No,No,No,Month-to-month,Yes,Bank transfer (automatic),69.5,69.5,1,69.5,0-6 Months,0.8879968958269568,1,High Risk,Immediate retention intervention
Male,0,No,No,6,Yes,No,Fiber optic,Yes,Yes,No,No,No,No,Month-to-month,Yes,Electronic check,78.95,494.95,3,82.49166666666666,0-6 Months,0.7081457469408821,1,High Risk,Immediate retention intervention
Male,0,No,No,34,Yes,Yes,Fiber optic,No,Yes,Yes,No,Yes,Yes,Month-to-month,Yes,Electronic check,106.35,3549.25,6,104.38970588235294,25-48 Months,0.7477240986417703,1,High Risk,Immediate retention intervention
Male,0,No,No,21,Yes,No,No,No internet service,No internet service,No internet service,No internet service,No internet service,No internet service,Two year,No,Mailed check,19.6,390.4,1,18.59047619047619,13-24 Months,0.015510148846236771,0,Low Risk,Routine engagement
Male,0,No,No,46,Yes,Yes,Fiber optic,No,Yes,Yes,Yes,Yes,Yes,Two year,No,Electronic check,108.65,4903.2,7,106.59130434782608,25-48 Months,0.37302419927604297,0,Medium Risk,Proactive engagement
Male,0,Yes,Yes,34,Yes,Yes,Fiber optic,No,Yes,No,No,Yes,Yes,Month-to-month,Yes,Bank transfer (automatic),97.7,3410.0,5,100.29411764705883,25-48 Months,0.6649594190703009,1,High Risk,Immediate retention intervention
Male,0,No,Yes,29,No,No phone service,DSL,Yes,Yes,Yes,Yes,No,No,Month-to-month,Yes,Mailed check,45.0,1242.45,4,42.84310344827586,25-48 Months,0.18817004635177714,0,Low Risk,Routine engagement
Male,0,Yes,Yes,27,Yes,No,Fiber optic,Yes,Yes,No,No,No,No,One year,Yes,Credit card (automatic),80.65,2209.75,3,81.8425925925926,25-48 Months,0.1617195662693608,0,Low Risk,Routine engagement
Female,0,Yes,Yes,72,Yes,Yes,DSL,Yes,Yes,Yes,Yes,Yes,Yes,Two year,No,Credit card (automatic),89.8,6510.45,8,90.42291666666667,49+ Months,0.013458049078907958,0,Low Risk,Routine engagement
Female,0,No,No,42,Yes,No,DSL,Yes,No,Yes,No,No,No,Month-to-month,No,Credit card (automatic),54.55,2455.05,3,58.453571428571436,25-48 Months,0.190283440106438,0,Low Risk,Routine engagement
Female,1,No,No,27,Yes,Yes,Fiber optic,No,No,Yes,No,No,No,Month-to-month,Yes,Electronic check,78.05,2135.5,3,79.0925925925926,25-48 Months,0.7276488836751434,1,High Risk,Immediate retention intervention
Male,0,Yes,No,66,Yes,Yes,DSL,Yes,Yes,Yes,No,No,No,Two year,Yes,Credit card (automatic),66.1,4428.45,5,67.09772727272727,49+ Months,0.04785964345689144,0,Low Risk,Routine engagement
Female,0,No,No,2,Yes,Yes,Fiber optic,No,No,No,No,No,No,Month-to-month,Yes,Electronic check,75.55,166.3,2,83.15,0-6 Months,0.9090156043614076,1,High Risk,Immediate retention intervention
Male,0,No,No,32,Yes,No,Fiber optic,No,No,No,Yes,Yes,Yes,Month-to-month,Yes,Electronic check,96.2,3183.4,4,99.48125,25-48 Months,0.6195725536652186,1,High Risk,Immediate retention intervention
Male,1,No,No,14,Yes,Yes,Fiber optic,No,No,No,No,No,No,Month-to-month,Yes,Electronic check,74.95,1036.75,2,74.05357142857143,13-24 Months,0.834149654513115,1,High Risk,Immediate retention intervention
Male,0,No,No,19,Yes,No,Fiber optic,No,No,Yes,Yes,Yes,No,Month-to-month,No,Mailed check,89.95,1682.4,4,88.54736842105264,13-24 Months,0.48221394943977697,0,Medium Risk,Proactive engagement
Male,0,No,Yes,48,Yes,Yes,DSL,Yes,Yes,Yes,No,No,No,One year,Yes,Bank transfer (automatic),64.4,3035.35,5,63.23645833333333,25-48 Months,0.11756119002044095,0,Low Risk,Routine engagement
Male,0,No,No,4,Yes,No,Fiber optic,No,No,Yes,No,No,No,Month-to-month,Yes,Electronic check,73.9,280.85,2,70.2125,0-6 Months,0.8272365988807038,1,High Risk,Immediate retention intervention
Male,1,Yes,No,57,Yes,Yes,Fiber optic,No,Yes,No,No,No,Yes,Month-to-month,Yes,Electronic check,89.85,4925.35,4,86.40964912280702,49+ Months,0.6706734467266705,1,High Risk,Immediate retention intervention
Male,0,Yes,Yes,58,Yes,No,DSL,No,Yes,No,Yes,Yes,Yes,One year,Yes,Credit card (automatic),75.2,4300.8,5,74.15172413793104,49+ Months,0.19633848396202497,0,Low Risk,Routine engagement
Female,1,Yes,No,56,Yes,Yes,DSL,Yes,Yes,Yes,Yes,No,No,One year,Yes,Credit card (automatic),68.45,4014.0,6,71.67857142857143,49+ Months,0.10690831166032155,0,Low Risk,Routine engagement
Female,0,Yes,Yes,69,Yes,No,No,No internet service,No internet service,No internet service,No internet service,No internet service,No internet service,Two year,No,Bank transfer (automatic),19.75,1375.4,1,19.933333333333334,49+ Months,0.015798411873839412,0,Low Risk,Routine engagement
Male,0,Yes,Yes,10,No,No phone service,DSL,Yes,Yes,Yes,Yes,No,Yes,Two year,No,Credit card (automatic),53.7,521.0,5,52.1,7-12 Months,0.05002471449376273,0,Low Risk,Routine engagement
Female,0,Yes,Yes,3,Yes,No,Fiber optic,No,Yes,No,Yes,No,No,Month-to-month,Yes,Electronic check,80.0,241.3,3,80.43333333333334,0-6 Months,0.7883753928388061,1,High Risk,Immediate retention intervention
Male,0,No,No,35,Yes,Yes,No,No internet service,No internet service,No internet service,No internet service,No internet service,No internet service,One year,No,Bank transfer (automatic),26.2,954.9,2,27.282857142857143,25-48 Months,0.11843459749971814,0,Low Risk,Routine engagement
Female,0,Yes,Yes,11,Yes,No,No,No internet service,No internet service,No internet service,No internet service,No internet service,No internet service,Month-to-month,Yes,Mailed check,19.25,180.3,1,16.39090909090909,7-12 Months,0.15001997636354716,0,Low Risk,Routine engagement
Male,0,Yes,No,56,Yes,Yes,Fiber optic,Yes,No,No,No,Yes,Yes,One year,Yes,Electronic check,100.55,5514.95,5,98.48125,49+ Months,0.44998196610738095,0,Medium Risk,Proactive engagement
Male,0,Yes,Yes,51,Yes,Yes,No,No internet service,No internet service,No internet service,No internet service,No internet service,No internet service,Two year,Yes,Mailed check,24.95,1222.25,2,23.965686274509803,49+ Months,0.051072457984199245,0,Low Risk,Routine engagement
Male,1,No,No,36,Yes,Yes,Fiber optic,Yes,No,No,No,Yes,No,Month-to-month,Yes,Electronic check,90.85,3186.7,4,88.51944444444445,25-48 Months,0.6152626645850932,1,High Risk,Immediate retention intervention
Male,0,No,Yes,5,Yes,No,No,No internet service,No internet service,No internet service,No internet service,No internet service,No internet service,Two year,No,Mailed check,20.45,106.9,1,21.380000000000003,0-6 Months,0.013644456642789909,0,Low Risk,Routine engagement
Male,0,Yes,Yes,1,Yes,No,No,No internet service,No internet service,No internet service,No internet service,No internet service,No internet service,One year,No,Mailed check,20.4,20.4,1,20.4,0-6 Months,0.05959347496283187,0,Low Risk,Routine engagement
Male,1,Yes,No,7,Yes,Yes,Fiber optic,No,No,No,No,No,No,Month-to-month,Yes,Mailed check,74.4,527.9,2,75.41428571428571,7-12 Months,0.7755439015630435,1,High Risk,Immediate retention intervention
Male,0,Yes,No,69,Yes,No,DSL,Yes,Yes,No,No,No,No,One year,Yes,Credit card (automatic),53.65,3804.4,3,55.13623188405797,49+ Months,0.08267531166362174,0,Low Risk,Routine engagement
Male,0,Yes,Yes,22,Yes,No,DSL,Yes,No,Yes,Yes,Yes,No,One year,Yes,Bank transfer (automatic),67.5,1544.05,5,70.18409090909091,13-24 Months,0.08926433369666184,0,Low Risk,Routine engagement
Female,0,No,No,63,Yes,Yes,No,No internet service,No internet service,No internet service,No internet service,No internet service,No internet service,Two year,No,Mailed check,24.2,1618.2,2,25.685714285714287,49+ Months,0.030231007045129626,0,Low Risk,Routine engagement
Female,0,Yes,Yes,55,Yes,Yes,DSL,Yes,Yes,No,Yes,No,Yes,One year,Yes,Bank transfer (automatic),75.75,4264.25,6,77.53181818181818,49+ Months,0.13500928461376663,0,Low Risk,Routine engagement
Female,0,No,No,3,Yes,No,DSL,No,No,Yes,No,Yes,No,Month-to-month,No,Electronic check,57.55,161.45,3,53.81666666666666,0-6 Months,0.652408529072767,1,High Risk,Immediate retention intervention
Male,0,Yes,Yes,67,Yes,No,DSL,Yes,Yes,Yes,No,Yes,Yes,Two year,No,Credit card (automatic),81.35,5398.6,6,80.57611940298509,49+ Months,0.0790169548567316,0,Low Risk,Routine engagement
Female,0,No,No,3,No,No phone service,DSL,No,No,No,No,No,No,Month-to-month,No,Electronic check,25.25,58.9,0,19.633333333333333,0-6 Months,0.7070311330786014,1,High Risk,Immediate retention intervention
Male,0,No,No,1,Yes,No,No,No internet service,No internet service,No internet service,No internet service,No internet service,No internet service,Month-to-month,No,Mailed check,19.75,19.75,1,19.75,0-6 Months,0.6263699586455937,1,High Risk,Immediate retention intervention
Male,0,No,No,16,Yes,Yes,Fiber optic,No,No,No,Yes,No,Yes,Month-to-month,Yes,Credit card (automatic),89.05,1448.6,4,90.5375,13-24 Months,0.6752639976801641,1,High Risk,Immediate retention intervention
Male,0,No,Yes,62,Yes,Yes,Fiber optic,No,No,Yes,Yes,Yes,Yes,Two year,Yes,Electronic check,104.05,6590.5,6,106.29838709677419,49+ Months,0.36532291158735525,0,Medium Risk,Proactive engagement
Female,0,No,No,8,Yes,Yes,DSL,Yes,Yes,Yes,No,No,No,Month-to-month,Yes,Bank transfer (automatic),65.5,573.15,5,71.64375,7-12 Months,0.39220420673254847,0,Medium Risk,Proactive engagement
Male,0,No,Yes,9,Yes,No,No,No internet service,No internet service,No internet service,No internet service,No internet service,No internet service,One year,No,Mailed check,20.1,190.25,1,21.13888888888889,7-12 Months,0.03785245409684647,0,Low Risk,Routine engagement
Female,0,Yes,No,6,Yes,No,No,No internet service,No internet service,No internet service,No internet service,No internet service,No internet service,Month-to-month,No,Bank transfer (automatic),19.5,146.3,1,24.383333333333336,0-6 Months,0.3294567149470731,0,Medium Risk,Proactive engagement
Female,0,No,No,28,Yes,Yes,DSL,Yes,No,Yes,No,No,No,One year,No,Mailed check,59.0,1654.45,4,59.0875,25-48 Months,0.07103380901240859,0,Low Risk,Routine engagement
Male,0,No,No,26,Yes,No,No,No internet service,No internet service,No internet service,No internet service,No internet service,No internet service,One year,No,Mailed check,19.4,525.55,1,20.213461538461537,25-48 Months,0.03460352202768234,0,Low Risk,Routine engagement
Male,0,Yes,Yes,38,Yes,Yes,Fiber optic,No,No,Yes,No,Yes,Yes,Month-to-month,Yes,Credit card (automatic),101.15,3956.7,5,104.1236842105263,25-48 Months,0.7193552001712585,1,High Risk,Immediate retention intervention
Female,0,No,No,18,Yes,Yes,DSL,No,No,No,No,No,No,Month-to-month,Yes,Electronic check,50.3,913.3,2,50.73888888888889,13-24 Months,0.5906249424892118,1,Medium Risk,Proactive engagement
Female,0,Yes,Yes,3,No,No phone service,DSL,No,No,No,Yes,No,No,Month-to-month,Yes,Mailed check,31.0,95.05,1,31.683333333333334,0-6 Months,0.52783631026023,0,Medium Risk,Proactive engagement
Male,0,Yes,No,3,No,No phone service,DSL,No,No,No,No,No,No,Month-to-month,No,Mailed check,25.0,78.25,0,26.083333333333332,0-6 Months,0.6286998991242119,1,High Risk,Immediate retention intervention
Male,0,Yes,No,70,Yes,Yes,DSL,No,Yes,Yes,Yes,Yes,No,Two year,No,Bank transfer (automatic),72.95,5265.55,6,75.22214285714286,49+ Months,0.05895928112936781,0,Low Risk,Routine engagement
Male,0,Yes,Yes,67,Yes,Yes,DSL,Yes,Yes,Yes,Yes,No,No,One year,Yes,Credit card (automatic),69.35,4653.25,6,69.45149253731343,49+ Months,0.0856587113488223,0,Low Risk,Routine engagement
Male,0,No,Yes,71,Yes,Yes,No,No internet service,No internet service,No internet service,No internet service,No internet service,No internet service,Two year,No,Mailed check,24.35,1654.6,2,23.304225352112674,49+ Months,0.011758211219019933,0,Low Risk,Routine engagement
Male,0,No,Yes,16,Yes,Yes,DSL,Yes,Yes,No,No,No,Yes,Month-to-month,Yes,Electronic check,69.1,1083.7,5,67.73125,13-24 Months,0.46710732223897494,0,Medium Risk,Proactive engagement
Female,0,Yes,Yes,10,Yes,No,DSL,No,Yes,No,Yes,No,Yes,Month-to-month,Yes,Electronic check,65.5,616.9,4,61.69,7-12 Months,0.43061830218188524,0,Medium Risk,Proactive engagement
Male,0,No,No,1,Yes,Yes,Fiber optic,No,Yes,No,No,No,Yes,Month-to-month,Yes,Credit card (automatic),90.85,90.85,4,90.85,0-6 Months,0.9485575990837037,1,High Risk,Immediate retention intervention
Male,0,Yes,Yes,12,Yes,No,DSL,No,No,No,No,Yes,No,Month-to-month,Yes,Mailed check,56.3,628.65,2,52.387499999999996,7-12 Months,0.45829270636074065,0,Medium Risk,Proactive engagement
Female,0,No,No,5,Yes,No,DSL,Yes,No,No,Yes,No,No,Month-to-month,No,Credit card (automatic),53.85,259.8,3,51.96,0-6 Months,0.3884114841072101,0,Medium Risk,Proactive engagement
Female,1,Yes,No,40,Yes,No,Fiber optic,No,Yes,No,Yes,Yes,Yes,One year,Yes,Credit card (automatic),99.2,4062.2,5,101.55499999999999,25-48 Months,0.42853310799429684,0,Medium Risk,Proactive engagement
Male,1,Yes,No,21,Yes,No,DSL,Yes,Yes,No,No,No,Yes,Month-to-month,Yes,Bank transfer (automatic),64.95,1339.8,4,63.8,13-24 Months,0.35908978153561527,0,Medium Risk,Proactive engagement
Male,0,No,No,9,Yes,No,DSL,Yes,No,Yes,Yes,No,Yes,Month-to-month,Yes,Bank transfer (automatic),68.25,576.95,5,64.10555555555555,7-12 Months,0.27971826605754896,0,Low Risk,Routine engagement
Female,0,Yes,No,7,Yes,No,DSL,Yes,No,No,No,No,No,Month-to-month,Yes,Bank transfer (automatic),50.3,355.1,2,50.728571428571435,7-12 Months,0.39836325076410506,0,Medium Risk,Proactive engagement
Female,0,No,No,38,Yes,No,No,No internet service,No internet service,No internet service,No internet service,No internet service,No internet service,One year,No,Mailed check,20.05,678.2,1,17.847368421052632,25-48 Months,0.03337022558455201,0,Low Risk,Routine engagement
Male,0,No,No,1,Yes,No,DSL,No,No,Yes,No,No,No,Month-to-month,Yes,Electronic check,50.5,50.5,2,50.5,0-6 Months,0.8319884874212355,1,High Risk,Immediate retention intervention
Male,0,No,No,7,Yes,No,Fiber optic,No,No,Yes,No,No,No,Month-to-month,Yes,Electronic check,74.9,490.55,2,70.07857142857144,7-12 Months,0.7889716688268421,1,High Risk,Immediate retention intervention
Female,0,No,No,2,Yes,No,Fiber optic,No,No,No,No,No,No,Month-to-month,Yes,Electronic check,70.95,137.95,1,68.975,0-6 Months,0.8632579374126056,1,High Risk,Immediate retention intervention
Female,0,No,No,56,Yes,No,No,No internet service,No internet service,No internet service,No internet service,No internet service,No internet service,Two year,Yes,Bank transfer (automatic),19.55,1080.55,1,19.295535714285712,49+ Months,0.0636190229367429,0,Low Risk,Routine engagement
Female,0,Yes,No,6,Yes,Yes,DSL,No,No,No,No,No,No,Month-to-month,No,Electronic check,50.35,314.55,2,52.425000000000004,0-6 Months,0.6505701989119839,1,High Risk,Immediate retention intervention
Female,0,No,No,63,Yes,No,DSL,No,No,Yes,No,No,Yes,One year,No,Credit card (automatic),58.55,3503.5,3,55.611111111111114,49+ Months,0.12197903003209447,0,Low Risk,Routine engagement
Female,0,No,No,64,Yes,Yes,Fiber optic,No,Yes,Yes,Yes,Yes,Yes,Two year,Yes,Credit card (automatic),110.5,7069.25,7,110.45703125,49+ Months,0.2762440668224821,0,Low Risk,Routine engagement
Male,0,Yes,No,29,No,No phone service,DSL,No,No,No,No,Yes,Yes,Month-to-month,Yes,Electronic check,45.9,1332.4,2,45.9448275862069,25-48 Months,0.5327849909111828,0,Medium Risk,Proactive engagement
Male,0,No,No,32,Yes,Yes,Fiber optic,No,No,No,No,No,Yes,Month-to-month,Yes,Bank transfer (automatic),85.65,2664.3,3,83.259375,25-48 Months,0.6730730367117533,1,High Risk,Immediate retention intervention
Female,1,No,No,2,Yes,Yes,Fiber optic,No,No,No,No,No,Yes,Month-to-month,Yes,Electronic check,84.05,186.05,3,93.025,0-6 Months,0.9385638307209879,1,High Risk,Immediate retention intervention
Male,0,Yes,No,60,Yes,No,Fiber optic,No,Yes,No,No,Yes,Yes,One year,Yes,Electronic check,94.4,5610.25,4,93.50416666666666,49+ Months,0.42719377172931083,0,Medium Risk,Proactive engagement
Male,0,No,No,22,Yes,Yes,DSL,Yes,Yes,Yes,No,No,No,Month-to-month,No,Mailed check,65.05,1427.55,5,64.88863636363637,13-24 Months,0.251636542799552,0,Low Risk,Routine engagement
Male,0,No,No,11,No,No phone service,DSL,No,Yes,No,Yes,No,No,Month-to-month,Yes,Electronic check,35.65,425.1,2,38.64545454545455,7-12 Months,0.48283054379495555,0,Medium Risk,Proactive engagement
Male,1,Yes,No,57,Yes,No,Fiber optic,No,Yes,Yes,No,Yes,No,One year,Yes,Electronic check,90.65,5199.8,4,91.22456140350877,49+ Months,0.3884303642691126,0,Medium Risk,Proactive engagement
Male,0,No,No,1,Yes,No,DSL,No,No,No,No,No,No,Month-to-month,Yes,Mailed check,44.15,44.15,1,44.15,0-6 Months,0.7568184010449273,1,High Risk,Immediate retention intervention
Female,0,No,No,62,Yes,No,No,No internet service,No internet service,No internet service,No internet service,No internet service,No internet service,Two year,Yes,Credit card (automatic),19.2,1123.65,1,18.123387096774195,49+ Months,0.02227245495229833,0,Low Risk,Routine engagement
Female,0,Yes,No,47,Yes,Yes,Fiber optic,Yes,Yes,Yes,No,Yes,No,Month-to-month,Yes,Electronic check,98.75,4533.7,6,96.46170212765956,25-48 Months,0.6269055887883839,1,High Risk,Immediate retention intervention
Female,0,Yes,Yes,61,Yes,Yes,DSL,Yes,Yes,Yes,Yes,Yes,Yes,Two year,No,Mailed check,88.1,5526.75,8,90.60245901639344,49+ Months,0.028995904849932305,0,Low Risk,Routine engagement
Female,0,No,No,3,Yes,No,Fiber optic,No,No,No,No,No,No,Month-to-month,Yes,Electronic check,70.15,194.2,1,64.73333333333333,0-6 Months,0.8488412816943625,1,High Risk,Immediate retention intervention
Male,0,Yes,Yes,64,Yes,No,Fiber optic,Yes,Yes,No,No,No,No,Month-to-month,No,Electronic check,81.05,5135.35,3,80.23984375,49+ Months,0.31680666971731747,0,Medium Risk,Proactive engagement
Female,0,Yes,Yes,6,Yes,Yes,Fiber optic,No,Yes,Yes,No,Yes,No,Month-to-month,Yes,Mailed check,94.05,518.75,5,86.45833333333333,0-6 Months,0.8978644415321603,1,High Risk,Immediate retention intervention
Female,0,Yes,Yes,56,Yes,No,No,No internet service,No internet service,No internet service,No internet service,No internet service,No internet service,Two year,No,Mailed check,20.05,1090.1,1,19.46607142857143,49+ Months,0.029333177250584232,0,Low Risk,Routine engagement
Female,0,Yes,Yes,27,Yes,No,DSL,No,Yes,No,No,No,No,Month-to-month,No,Mailed check,49.85,1336.15,2,49.48703703703704,25-48 Months,0.2567116917932403,0,Low Risk,Routine engagement
Female,0,Yes,No,46,No,No phone service,DSL,Yes,Yes,No,No,Yes,No,Month-to-month,No,Electronic check,45.55,2062.15,3,44.82934782608696,25-48 Months,0.40650473661360403,0,Medium Risk,Proactive engagement
Male,1,No,No,1,Yes,No,DSL,No,No,No,No,No,No,Month-to-month,No,Electronic check,45.1,45.1,1,45.1,0-6 Months,0.8090692401961798,1,High Risk,Immediate retention intervention
Male,0,No,No,11,Yes,No,No,No internet service,No internet service,No internet service,No internet service,No internet service,No internet service,Two year,No,Mailed check,20.4,231.45,1,21.04090909090909,7-12 Months,0.019118997287096203,0,Low Risk,Routine engagement
Male,0,Yes,No,32,Yes,Yes,Fiber optic,No,Yes,No,No,Yes,Yes,Month-to-month,Yes,Credit card (automatic),98.85,3145.9,5,98.309375,25-48 Months,0.7203061835608494,1,High Risk,Immediate retention intervention
Male,0,No,No,4,Yes,No,Fiber optic,No,No,No,No,Yes,No,Month-to-month,No,Electronic check,77.85,299.2,2,74.8,0-6 Months,0.8123596794405478,1,High Risk,Immediate retention intervention
Male,0,No,No,24,Yes,Yes,DSL,Yes,No,No,No,No,No,Month-to-month,Yes,Bank transfer (automatic),55.65,1400.55,3,58.356249999999996,13-24 Months,0.21534276785170106,0,Low Risk,Routine engagement
Male,0,No,No,35,Yes,Yes,Fiber optic,Yes,No,Yes,Yes,Yes,Yes,Two year,Yes,Electronic check,108.95,4025.5,7,115.01428571428572,25-48 Months,0.34301743923264716,0,Medium Risk,Proactive engagement
Female,0,No,Yes,46,Yes,No,Fiber optic,Yes,Yes,No,Yes,Yes,Yes,One year,Yes,Bank transfer (automatic),105.2,4822.85,6,104.8445652173913,25-48 Months,0.37543646582527473,0,Medium Risk,Proactive engagement
Male,0,Yes,Yes,1,Yes,No,Fiber optic,No,No,No,No,No,No,Month-to-month,Yes,Electronic check,70.0,70.0,1,70.0,0-6 Months,0.9126755546898354,1,High Risk,Immediate retention intervention
Female,0,Yes,No,72,Yes,Yes,Fiber optic,Yes,No,Yes,Yes,Yes,Yes,Two year,Yes,Credit card (automatic),110.15,7881.2,7,109.46111111111111,49+ Months,0.0740165980593024,0,Low Risk,Routine engagement
Female,1,Yes,No,63,Yes,Yes,Fiber optic,No,Yes,Yes,No,Yes,Yes,Month-to-month,Yes,Electronic check,103.5,6479.4,6,102.84761904761905,49+ Months,0.6731057338957369,1,High Risk,Immediate retention intervention
Female,0,Yes,No,21,Yes,Yes,Fiber optic,No,No,No,No,No,Yes,Month-to-month,Yes,Electronic check,86.5,1808.7,3,86.12857142857143,13-24 Months,0.7960099967097889,1,High Risk,Immediate retention intervention
Male,0,Yes,Yes,37,No,No phone service,DSL,Yes,No,Yes,Yes,No,No,One year,Yes,Electronic check,40.2,1525.35,3,41.225675675675674,25-48 Months,0.14192421571967895,0,Low Risk,Routine engagement
Male,0,No,No,55,Yes,No,Fiber optic,Yes,Yes,No,No,Yes,Yes,One year,Yes,Mailed check,100.9,5552.05,5,100.94636363636364,49+ Months,0.38235772360325015,0,Medium Risk,Proactive engagement
Male,0,Yes,No,14,Yes,Yes,DSL,No,No,No,Yes,Yes,No,Month-to-month,Yes,Credit card (automatic),66.6,979.5,4,69.96428571428571,13-24 Months,0.37037999086374795,0,Medium Risk,Proactive engagement
Male,0,Yes,Yes,53,Yes,Yes,DSL,Yes,No,No,Yes,No,Yes,Month-to-month,No,Electronic check,71.85,3827.9,5,72.22452830188679,49+ Months,0.1490434291982366,0,Low Risk,Routine engagement
Female,0,Yes,Yes,50,Yes,Yes,DSL,No,Yes,Yes,Yes,Yes,Yes,One year,Yes,Credit card (automatic),84.15,4164.4,7,83.288,49+ Months,0.15932780722800677,0,Low Risk,Routine engagement
Male,1,Yes,No,38,Yes,Yes,Fiber optic,No,Yes,Yes,No,Yes,Yes,Month-to-month,Yes,Electronic check,102.6,4009.2,6,105.50526315789473,25-48 Months,0.8165067135025114,1,High Risk,Immediate retention intervention
Female,1,No,No,30,Yes,Yes,Fiber optic,No,Yes,No,No,Yes,Yes,Month-to-month,Yes,Electronic check,99.7,2967.35,5,98.91166666666666,25-48 Months,0.822422835314596,1,High Risk,Immediate retention intervention
Female,0,No,No,28,Yes,No,DSL,Yes,Yes,No,Yes,No,No,One year,Yes,Electronic check,59.9,1654.7,4,59.096428571428575,25-48 Months,0.1361231892014835,0,Low Risk,Routine engagement
Male,1,Yes,No,46,No,No phone service,DSL,No,Yes,Yes,Yes,Yes,Yes,One year,Yes,Bank transfer (automatic),59.9,2816.65,5,61.231521739130436,25-48 Months,0.28389366120144577,0,Low Risk,Routine engagement
Female,0,No,No,67,Yes,No,No,No internet service,No internet service,No internet service,No internet service,No internet service,No internet service,One year,No,Electronic check,20.55,1343.4,1,20.050746268656717,49+ Months,0.045555868761717626,0,Low Risk,Routine engagement
Female,0,No,No,1,Yes,No,DSL,No,No,No,No,No,No,Month-to-month,No,Mailed check,45.95,45.95,1,45.95,0-6 Months,0.6916375988099487,1,High Risk,Immediate retention intervention
Male,0,Yes,No,50,Yes,No,No,No internet service,No internet service,No internet service,No internet service,No internet service,No internet service,Two year,No,Electronic check,19.8,1013.2,1,20.264,49+ Months,0.028173215685258126,0,Low Risk,Routine engagement
Female,0,Yes,No,56,Yes,Yes,Fiber optic,Yes,No,No,No,Yes,Yes,One year,Yes,Electronic check,98.0,5270.6,5,94.11785714285715,49+ Months,0.36951167823490516,0,Medium Risk,Proactive engagement
Male,0,No,No,1,Yes,No,No,No internet service,No internet service,No internet service,No internet service,No internet service,No internet service,Month-to-month,No,Mailed check,19.95,19.95,1,19.95,0-6 Months,0.6713545680348091,1,High Risk,Immediate retention intervention
Male,0,Yes,No,3,No,No phone service,DSL,Yes,No,No,Yes,No,No,Month-to-month,No,Mailed check,35.1,101.1,2,33.699999999999996,0-6 Months,0.43035043650166394,0,Medium Risk,Proactive engagement
Female,0,Yes,No,72,Yes,Yes,Fiber optic,Yes,Yes,Yes,No,Yes,Yes,Two year,Yes,Electronic check,109.55,8165.1,7,113.40416666666667,49+ Months,0.056684475440788876,0,Low Risk,Routine engagement
Female,0,No,No,48,Yes,No,DSL,Yes,No,Yes,Yes,No,No,One year,Yes,Credit card (automatic),60.35,2896.4,4,60.34166666666667,25-48 Months,0.08235039698320201,0,Low Risk,Routine engagement
Male,0,No,No,9,No,No phone service,DSL,Yes,Yes,Yes,No,No,No,One year,No,Mailed check,39.55,373.0,3,41.44444444444444,7-12 Months,0.15031915452186137,0,Low Risk,Routine engagement
Male,0,No,No,19,Yes,Yes,DSL,No,No,No,No,Yes,Yes,Month-to-month,No,Mailed check,69.6,1394.55,4,73.39736842105263,13-24 Months,0.34076617951031235,0,Medium Risk,Proactive engagement
Male,0,Yes,Yes,46,Yes,No,DSL,Yes,No,Yes,Yes,Yes,Yes,Two year,No,Mailed check,81.0,3846.35,6,83.61630434782609,25-48 Months,0.03911889997192451,0,Low Risk,Routine engagement
Male,0,Yes,No,56,Yes,Yes,Fiber optic,No,Yes,No,Yes,Yes,Yes,One year,Yes,Electronic check,107.25,6033.3,6,107.7375,49+ Months,0.5153935969217279,0,Medium Risk,Proactive engagement
Male,0,No,No,35,Yes,Yes,Fiber optic,No,No,No,No,Yes,No,Month-to-month,No,Electronic check,83.15,2848.45,3,81.38428571428571,25-48 Months,0.6895581720635215,1,High Risk,Immediate retention intervention
Female,0,No,No,25,Yes,No,No,No internet service,No internet service,No internet service,No internet service,No internet service,No internet service,Two year,No,Credit card (automatic),19.8,475.2,1,19.008,25-48 Months,0.03253144190054735,0,Low Risk,Routine engagement
Female,0,No,No,21,Yes,No,Fiber optic,No,No,No,No,No,No,Month-to-month,Yes,Electronic check,68.65,1493.2,1,71.1047619047619,13-24 Months,0.6856532026122767,1,High Risk,Immediate retention intervention
Male,0,Yes,Yes,71,Yes,Yes,No,No internet service,No internet service,No internet service,No internet service,No internet service,No internet service,Two year,No,Credit card (automatic),25.35,1847.55,2,26.021830985915493,49+ Months,0.012862796991976745,0,Low Risk,Routine engagement
Female,0,Yes,No,1,Yes,No,Fiber optic,No,No,No,No,Yes,No,Month-to-month,Yes,Bank transfer (automatic),79.35,79.35,2,79.35,0-6 Months,0.914766219263739,1,High Risk,Immediate retention intervention
Female,0,No,No,62,Yes,Yes,DSL,No,Yes,Yes,Yes,Yes,Yes,Two year,No,Bank transfer (automatic),84.5,5193.2,7,83.76129032258065,49+ Months,0.045300355222555815,0,Low Risk,Routine engagement
Male,0,Yes,Yes,53,Yes,Yes,DSL,No,No,Yes,Yes,Yes,Yes,One year,Yes,Mailed check,78.75,3942.45,6,74.38584905660377,49+ Months,0.12106477114427085,0,Low Risk,Routine engagement
Female,0,No,No,2,Yes,Yes,Fiber optic,No,No,No,No,No,No,Month-to-month,Yes,Mailed check,74.9,136.05,2,68.025,0-6 Months,0.863211048704541,1,High Risk,Immediate retention intervention
Male,1,Yes,No,72,Yes,Yes,Fiber optic,Yes,Yes,Yes,Yes,No,No,Two year,Yes,Bank transfer (automatic),93.05,6735.05,6,93.54236111111112,49+ Months,0.0281597410347391,0,Low Risk,Routine engagement
Female,0,Yes,No,24,Yes,Yes,Fiber optic,No,No,Yes,No,No,No,Month-to-month,Yes,Mailed check,79.65,1928.7,3,80.3625,13-24 Months,0.6281802744319981,1,High Risk,Immediate retention intervention
Male,0,No,No,41,Yes,Yes,DSL,No,No,Yes,No,No,No,Month-to-month,Yes,Bank transfer (automatic),55.7,2237.55,3,54.57439024390244,25-48 Months,0.2826604453022926,0,Low Risk,Routine engagement
Female,0,No,Yes,2,Yes,Yes,Fiber optic,No,No,No,No,Yes,Yes,Month-to-month,Yes,Bank transfer (automatic),94.2,193.8,4,96.9,0-6 Months,0.9499525255334988,1,High Risk,Immediate retention intervention
Male,0,No,No,2,Yes,No,Fiber optic,No,No,No,No,No,No,Month-to-month,Yes,Electronic check,67.75,116.65,1,58.325,0-6 Months,0.8694036380062932,1,High Risk,Immediate retention intervention
Male,1,Yes,No,27,Yes,Yes,Fiber optic,No,Yes,Yes,No,No,Yes,Month-to-month,Yes,Electronic check,95.55,2510.2,5,92.97037037037036,25-48 Months,0.7825641044057422,1,High Risk,Immediate retention intervention
Male,1,Yes,No,53,Yes,Yes,Fiber optic,No,Yes,No,No,Yes,Yes,Month-to-month,Yes,Electronic check,101.9,5549.4,5,104.70566037735848,49+ Months,0.7937233994449212,1,High Risk,Immediate retention intervention
Female,0,No,No,34,Yes,Yes,DSL,Yes,Yes,No,Yes,No,No,One year,Yes,Mailed check,64.4,2088.75,5,61.43382352941177,25-48 Months,0.1162830367089259,0,Low Risk,Routine engagement
Male,0,No,No,1,Yes,No,Fiber optic,No,Yes,No,No,No,Yes,Month-to-month,Yes,Electronic check,85.0,85.0,3,85.0,0-6 Months,0.9173749685958197,1,High Risk,Immediate retention intervention
Female,0,Yes,Yes,48,Yes,No,No,No internet service,No internet service,No internet service,No internet service,No internet service,No internet service,Two year,No,Mailed check,19.55,883.35,1,18.403125,25-48 Months,0.01628915072394542,0,Low Risk,Routine engagement
Female,1,No,No,3,Yes,Yes,Fiber optic,No,No,No,No,No,No,Month-to-month,Yes,Credit card (automatic),75.05,256.25,2,85.41666666666667,0-6 Months,0.8796770114638255,1,High Risk,Immediate retention intervention
Female,0,Yes,Yes,71,Yes,No,DSL,Yes,Yes,Yes,Yes,No,No,Two year,No,Credit card (automatic),64.05,4492.9,5,63.28028169014084,49+ Months,0.017558821102731,0,Low Risk,Routine engagement
Male,0,No,No,24,Yes,No,Fiber optic,No,Yes,Yes,Yes,No,No,Month-to-month,Yes,Electronic check,85.95,2107.15,4,87.79791666666667,13-24 Months,0.589791371852971,1,Medium Risk,Proactive engagement
Female,1,Yes,No,5,Yes,No,Fiber optic,No,No,No,No,No,No,Month-to-month,No,Electronic check,70.05,302.6,1,60.52,0-6 Months,0.7739324275024021,1,High Risk,Immediate retention intervention
Female,1,No,No,8,Yes,Yes,Fiber optic,No,No,No,No,No,No,Month-to-month,Yes,Electronic check,75.75,606.25,2,75.78125,7-12 Months,0.8496737834104626,1,High Risk,Immediate retention intervention
Male,0,No,No,15,Yes,No,No,No internet service,No internet service,No internet service,No internet service,No internet service,No internet service,Month-to-month,Yes,Mailed check,19.8,309.4,1,20.626666666666665,13-24 Months,0.2015551302846275,0,Low Risk,Routine engagement
Male,1,No,No,2,Yes,No,Fiber optic,No,Yes,No,No,No,No,Month-to-month,Yes,Electronic check,74.7,165.4,2,82.7,0-6 Months,0.8694216851031109,1,High Risk,Immediate retention intervention
Female,0,Yes,Yes,13,Yes,Yes,No,No internet service,No internet service,No internet service,No internet service,No internet service,No internet service,Two year,Yes,Bank transfer (automatic),25.0,332.5,2,25.576923076923077,13-24 Months,0.04074470553190721,0,Low Risk,Routine engagement
Female,1,Yes,No,17,Yes,Yes,Fiber optic,Yes,No,Yes,No,No,No,Month-to-month,Yes,Bank transfer (automatic),85.35,1463.45,4,86.08529411764707,13-24 Months,0.5750565969849705,1,Medium Risk,Proactive engagement
Male,0,Yes,No,24,Yes,Yes,DSL,Yes,No,No,Yes,No,No,One year,Yes,Electronic check,58.35,1346.9,4,56.12083333333334,13-24 Months,0.22375830097976476,0,Low Risk,Routine engagement
Female,0,Yes,Yes,50,Yes,No,No,No internet service,No internet service,No internet service,No internet service,No internet service,No internet service,Two year,No,Credit card (automatic),20.55,1070.25,1,21.405,49+ Months,0.029495889422401438,0,Low Risk,Routine engagement
Male,0,No,No,57,Yes,No,DSL,Yes,No,Yes,No,Yes,Yes,Two year,Yes,Bank transfer (automatic),74.35,4317.35,5,75.74298245614035,49+ Months,0.05380986752730552,0,Low Risk,Routine engagement
Female,1,No,No,3,No,No phone service,DSL,No,No,No,No,No,No,Month-to-month,No,Electronic check,25.3,77.75,0,25.916666666666668,0-6 Months,0.7517385112561705,1,High Risk,Immediate retention intervention
Male,0,No,No,37,Yes,Yes,Fiber optic,Yes,No,No,No,Yes,No,Month-to-month,Yes,Electronic check,91.15,3369.25,4,91.0608108108108,25-48 Months,0.5553985589673907,1,Medium Risk,Proactive engagement
Female,0,Yes,No,71,Yes,Yes,No,No internet service,No internet service,No internet service,No internet service,No internet service,No internet service,Two year,No,Credit card (automatic),25.6,1888.25,2,26.595070422535212,49+ Months,0.016825937905763543,0,Low Risk,Routine engagement
Male,0,Yes,Yes,72,Yes,Yes,DSL,Yes,No,Yes,Yes,No,No,Two year,Yes,Credit card (automatic),66.5,4811.6,5,66.82777777777778,49+ Months,0.01190609072409816,0,Low Risk,Routine engagement
Male,0,No,Yes,52,Yes,Yes,No,No internet service,No internet service,No internet service,No internet service,No internet service,No internet service,Two year,No,Credit card (automatic),25.6,1334.5,2,25.66346153846154,49+ Months,0.05037324487037405,0,Low Risk,Routine engagement
Male,0,No,No,4,Yes,No,No,No internet service,No internet service,No internet service,No internet service,No internet service,No internet service,Month-to-month,Yes,Electronic check,19.85,63.0,1,15.75,0-6 Months,0.2601783542336081,0,Low Risk,Routine engagement
Male,0,No,No,9,Yes,No,DSL,Yes,No,Yes,Yes,Yes,No,Month-to-month,Yes,Mailed check,69.5,653.25,5,72.58333333333333,7-12 Months,0.28821356663600445,0,Low Risk,Routine engagement
Male,1,Yes,No,7,Yes,Yes,Fiber optic,No,No,No,No,No,No,Month-to-month,Yes,Electronic check,74.85,485.25,2,69.32142857142857,7-12 Months,0.8545535452126762,1,High Risk,Immediate retention intervention
Female,0,Yes,Yes,48,Yes,No,DSL,Yes,Yes,Yes,No,No,Yes,Two year,Yes,Credit card (automatic),70.1,3238.4,5,67.46666666666667,25-48 Months,0.051820417352196245,0,Low Risk,Routine engagement
Female,0,Yes,No,47,Yes,No,DSL,No,Yes,No,No,Yes,No,Month-to-month,Yes,Bank transfer (automatic),58.6,2723.4,3,57.94468085106383,25-48 Months,0.3823229506740579,0,Medium Risk,Proactive engagement
Female,1,No,No,4,Yes,No,Fiber optic,No,Yes,No,No,No,No,Month-to-month,No,Electronic check,72.75,317.75,2,79.4375,0-6 Months,0.7748232863459438,1,High Risk,Immediate retention intervention
Female,0,No,No,47,Yes,No,Fiber optic,Yes,No,Yes,Yes,Yes,Yes,One year,Yes,Electronic check,103.7,4730.6,6,100.65106382978725,25-48 Months,0.3364515313242605,0,Medium Risk,Proactive engagement
Male,0,Yes,No,24,No,No phone service,DSL,No,No,Yes,No,No,No,Month-to-month,No,Electronic check,29.1,688.0,1,28.666666666666668,13-24 Months,0.5537187530825576,1,Medium Risk,Proactive engagement
Female,0,No,No,1,Yes,No,DSL,No,No,Yes,No,No,No,Month-to-month,Yes,Mailed check,50.45,50.45,2,50.45,0-6 Months,0.7664355889937186,1,High Risk,Immediate retention intervention
Male,0,No,No,1,No,No phone service,DSL,No,Yes,No,Yes,No,Yes,Month-to-month,Yes,Mailed check,44.65,44.65,3,44.65,0-6 Months,0.7244916803076266,1,High Risk,Immediate retention intervention
Female,0,Yes,Yes,1,Yes,No,No,No internet service,No internet service,No internet service,No internet service,No internet service,No internet service,Month-to-month,No,Electronic check,19.25,19.25,1,19.25,0-6 Months,0.4686291872100456,0,Medium Risk,Proactive engagement
Male,0,No,No,48,Yes,Yes,Fiber optic,No,Yes,Yes,No,Yes,Yes,Two year,Yes,Bank transfer (automatic),108.1,5067.45,6,105.57187499999999,25-48 Months,0.4588687522422473,0,Medium Risk,Proactive engagement
Male,0,No,No,27,Yes,No,No,No internet service,No internet service,No internet service,No internet service,No internet service,No internet service,One year,No,Bank transfer (automatic),20.1,562.6,1,20.83703703703704,25-48 Months,0.04897143357422288,0,Low Risk,Routine engagement
Female,0,Yes,No,60,Yes,No,DSL,Yes,Yes,No,Yes,No,No,Two year,No,Bank transfer (automatic),59.85,3483.45,4,58.0575,49+ Months,0.03817169243201525,0,Low Risk,Routine engagement
Female,0,No,No,26,Yes,No,DSL,No,Yes,Yes,No,No,No,One year,Yes,Mailed check,56.05,1553.2,3,59.73846153846154,25-48 Months,0.21596841085308818,0,Low Risk,Routine engagement
Female,1,No,No,51,Yes,No,No,No internet service,No internet service,No internet service,No internet service,No internet service,No internet service,Two year,No,Credit card (automatic),19.6,967.9,1,18.978431372549018,49+ Months,0.05846089651713452,0,Low Risk,Routine engagement
Female,0,No,No,4,Yes,No,Fiber optic,No,No,No,No,Yes,No,Month-to-month,Yes,Electronic check,79.0,303.15,2,75.7875,0-6 Months,0.8632414456534763,1,High Risk,Immediate retention intervention
Female,1,No,No,26,Yes,Yes,DSL,No,No,No,Yes,No,Yes,Month-to-month,Yes,Electronic check,66.05,1652.4,4,63.55384615384616,25-48 Months,0.3922252917545453,0,Medium Risk,Proactive engagement
Female,0,No,No,41,Yes,Yes,Fiber optic,Yes,Yes,Yes,Yes,Yes,No,Month-to-month,Yes,Electronic check,106.5,4282.4,7,104.44878048780487,25-48 Months,0.5073952498965358,0,Medium Risk,Proactive engagement
Female,0,Yes,No,68,Yes,Yes,Fiber optic,Yes,Yes,Yes,Yes,Yes,Yes,Two year,No,Bank transfer (automatic),114.9,7843.55,8,115.34632352941176,49+ Months,0.2027594372042388,0,Low Risk,Routine engagement
Male,0,Yes,Yes,45,Yes,No,DSL,Yes,No,No,Yes,No,No,Two year,No,Bank transfer (automatic),54.65,2553.7,3,56.748888888888885,25-48 Months,0.03188377353304348,0,Low Risk,Routine engagement
Female,0,Yes,Yes,22,Yes,No,DSL,No,Yes,No,No,Yes,Yes,One year,Yes,Bank transfer (automatic),69.5,1498.2,4,68.10000000000001,13-24 Months,0.300954367094295,0,Medium Risk,Proactive engagement
Male,0,No,No,12,Yes,No,Fiber optic,No,No,No,No,No,Yes,Month-to-month,Yes,Bank transfer (automatic),79.95,1043.4,2,86.95,7-12 Months,0.7761908971410912,1,High Risk,Immediate retention intervention
Female,0,No,No,1,Yes,No,DSL,No,No,No,No,No,No,Month-to-month,No,Credit card (automatic),43.95,43.95,1,43.95,0-6 Months,0.6719838709389448,1,High Risk,Immediate retention intervention
Male,0,No,No,7,Yes,Yes,Fiber optic,No,No,No,No,Yes,Yes,Month-to-month,Yes,Electronic check,94.1,701.3,4,100.18571428571428,7-12 Months,0.920658355111415,1,High Risk,Immediate retention intervention
Female,0,No,No,1,Yes,No,No,No internet service,No internet service,No internet service,No internet service,No internet service,No internet service,Month-to-month,Yes,Bank transfer (automatic),20.2,20.2,1,20.2,0-6 Months,0.5500013125910765,1,Medium Risk,Proactive engagement
Female,0,No,No,13,No,No phone service,DSL,No,No,No,No,No,No,Month-to-month,Yes,Electronic check,23.9,300.8,0,23.138461538461538,13-24 Months,0.6115801898989182,1,High Risk,Immediate retention intervention
Male,0,No,No,51,Yes,No,No,No internet service,No internet service,No internet service,No internet service,No internet service,No internet service,Two year,No,Mailed check,20.45,1042.65,1,20.444117647058825,49+ Months,0.035908946753974824,0,Low Risk,Routine engagement
Male,0,Yes,Yes,4,Yes,No,DSL,No,No,No,No,No,No,Month-to-month,No,Electronic check,44.8,169.65,1,42.4125,0-6 Months,0.6050332618053408,1,High Risk,Immediate retention intervention
Male,0,No,No,26,Yes,Yes,Fiber optic,No,No,Yes,Yes,No,No,Month-to-month,Yes,Mailed check,84.3,2281.6,4,87.75384615384615,25-48 Months,0.4503012899438611,0,Medium Risk,Proactive engagement
Female,0,No,No,24,Yes,Yes,Fiber optic,No,No,Yes,No,Yes,No,Month-to-month,Yes,Credit card (automatic),88.95,2072.75,4,86.36458333333333,13-24 Months,0.6797621661658967,1,High Risk,Immediate retention intervention
Female,1,Yes,No,61,Yes,Yes,Fiber optic,Yes,Yes,Yes,Yes,No,No,Month-to-month,Yes,Credit card (automatic),94.2,5895.45,6,96.6467213114754,49+ Months,0.2185568621955972,0,Low Risk,Routine engagement
Female,0,No,No,72,Yes,Yes,Fiber optic,Yes,Yes,Yes,Yes,Yes,Yes,Two year,Yes,Electronic check,114.9,8496.7,8,118.00972222222224,49+ Months,0.052239210652609856,0,Low Risk,Routine engagement
Female,0,No,No,55,Yes,Yes,Fiber optic,Yes,No,Yes,No,No,No,One year,Yes,Credit card (automatic),84.25,4589.85,4,83.45181818181818,49+ Months,0.10999096707448539,0,Low Risk,Routine engagement
Male,0,No,No,12,Yes,No,Fiber optic,Yes,No,Yes,No,No,No,Month-to-month,No,Bank transfer (automatic),81.7,858.6,3,71.55,7-12 Months,0.4446233959561983,0,Medium Risk,Proactive engagement
Male,0,Yes,Yes,64,Yes,Yes,Fiber optic,Yes,No,Yes,No,No,Yes,Two year,No,Bank transfer (automatic),93.4,5822.3,5,90.9734375,49+ Months,0.10901601447820815,0,Low Risk,Routine engagement
Female,1,No,No,37,Yes,Yes,Fiber optic,No,No,No,No,Yes,Yes,Month-to-month,Yes,Electronic check,96.55,3580.3,4,96.76486486486488,25-48 Months,0.8056812266326557,1,High Risk,Immediate retention intervention
Male,0,Yes,No,72,Yes,Yes,DSL,Yes,Yes,Yes,Yes,Yes,Yes,Two year,Yes,Credit card (automatic),88.7,6301.7,8,87.52361111111111,49+ Months,0.014066297661365999,0,Low Risk,Routine engagement
Male,0,No,No,11,Yes,No,No,No internet service,No internet service,No internet service,No internet service,No internet service,No internet service,One year,No,Mailed check,19.5,226.8,1,20.61818181818182,7-12 Months,0.036030735169195284,0,Low Risk,Routine engagement
Female,1,Yes,No,52,Yes,Yes,Fiber optic,Yes,Yes,Yes,No,Yes,Yes,Month-to-month,Yes,Electronic check,109.1,5647.95,7,108.61442307692307,49+ Months,0.5779818119557484,1,Medium Risk,Proactive engagement
Female,0,Yes,Yes,58,Yes,No,DSL,No,No,No,No,No,No,One year,Yes,Mailed check,44.1,2413.05,1,41.60431034482759,49+ Months,0.11249228747660187,0,Low Risk,Routine engagement
Female,0,No,No,4,Yes,No,DSL,Yes,Yes,No,No,No,No,Month-to-month,No,Electronic check,55.2,220.65,3,55.1625,0-6 Months,0.5187700841518715,0,Medium Risk,Proactive engagement
Female,0,Yes,Yes,38,Yes,No,No,No internet service,No internet service,No internet service,No internet service,No internet service,No internet service,One year,No,Mailed check,20.3,749.35,1,19.719736842105263,25-48 Months,0.034557991691486926,0,Low Risk,Routine engagement
Male,0,No,Yes,3,Yes,No,No,No internet service,No internet service,No internet service,No internet service,No internet service,No internet service,Month-to-month,No,Mailed check,20.85,60.65,1,20.216666666666665,0-6 Months,0.2659816771376624,0,Low Risk,Routine engagement
Male,0,No,No,62,Yes,Yes,Fiber optic,Yes,Yes,No,No,No,Yes,One year,Yes,Bank transfer (automatic),92.3,5731.45,5,92.44274193548387,49+ Months,0.2872224760968997,0,Low Risk,Routine engagement
Female,0,No,No,8,Yes,No,DSL,Yes,No,No,Yes,No,No,One year,No,Bank transfer (automatic),54.25,447.75,3,55.96875,7-12 Months,0.08766977538480586,0,Low Risk,Routine engagement
Male,0,Yes,Yes,16,Yes,No,No,No internet service,No internet service,No internet service,No internet service,No internet service,No internet service,Month-to-month,No,Electronic check,19.75,313.4,1,19.5875,13-24 Months,0.17109699582568286,0,Low Risk,Routine engagement
Male,0,No,No,8,Yes,No,DSL,No,No,No,No,No,No,Month-to-month,No,Mailed check,43.55,335.4,1,41.925,7-12 Months,0.39084119501630404,0,Medium Risk,Proactive engagement
Male,0,No,No,1,Yes,No,No,No internet service,No internet service,No internet service,No internet service,No internet service,No internet service,Month-to-month,No,Mailed check,19.8,19.8,1,19.8,0-6 Months,0.6263699586455937,1,High Risk,Immediate retention intervention
Male,0,Yes,Yes,52,No,No phone service,DSL,No,Yes,Yes,Yes,Yes,No,Two year,No,Mailed check,50.2,2554.0,4,49.11538461538461,49+ Months,0.044326983708303715,0,Low Risk,Routine engagement
Female,0,Yes,No,72,Yes,Yes,No,No internet service,No internet service,No internet service,No internet service,No internet service,No internet service,Two year,Yes,Mailed check,26.0,1776.0,2,24.666666666666668,49+ Months,0.010195191049736797,0,Low Risk,Routine engagement
Male,1,No,No,16,Yes,No,Fiber optic,No,No,No,No,No,No,Month-to-month,No,Electronic check,69.65,1043.3,1,65.20625,13-24 Months,0.7192619680659569,1,High Risk,Immediate retention intervention
Male,0,No,No,18,Yes,Yes,Fiber optic,No,No,Yes,No,Yes,No,One year,Yes,Credit card (automatic),89.6,1633.0,4,90.72222222222223,13-24 Months,0.3163799215309218,0,Medium Risk,Proactive engagement
Male,0,No,No,1,Yes,No,No,No internet service,No internet service,No internet service,No internet service,No internet service,No internet service,Month-to-month,No,Mailed check,20.25,20.25,1,20.25,0-6 Months,0.4713594157311757,0,Medium Risk,Proactive engagement
Male,0,Yes,Yes,72,Yes,No,DSL,No,Yes,Yes,No,Yes,Yes,Two year,Yes,Bank transfer (automatic),75.4,5480.25,5,76.11458333333333,49+ Months,0.04038419924975854,0,Low Risk,Routine engagement
Female,0,Yes,No,49,Yes,No,No,No internet service,No internet service,No internet service,No internet service,No internet service,No internet service,One year,No,Credit card (automatic),20.7,1032.05,1,21.062244897959182,49+ Months,0.0681586225532004,0,Low Risk,Routine engagement
Male,0,No,No,1,Yes,No,DSL,No,No,No,No,No,No,Month-to-month,No,Electronic check,44.0,44.0,1,44.0,0-6 Months,0.7502295503044026,1,High Risk,Immediate retention intervention
Female,0,Yes,No,51,Yes,No,Fiber optic,Yes,Yes,Yes,No,Yes,No,One year,Yes,Electronic check,93.5,4619.55,5,90.57941176470588,49+ Months,0.26083277858646786,0,Low Risk,Routine engagement
Male,1,Yes,No,72,Yes,Yes,Fiber optic,No,Yes,No,No,Yes,Yes,One year,Yes,Credit card (automatic),97.25,7133.1,5,99.07083333333334,49+ Months,0.21235165932676653,0,Low Risk,Routine engagement
Male,1,Yes,No,72,Yes,Yes,DSL,No,Yes,Yes,Yes,Yes,No,Two year,No,Credit card (automatic),77.35,5396.25,6,74.94791666666667,49+ Months,0.022904816395317933,0,Low Risk,Routine engagement
Female,0,No,No,16,Yes,No,No,No internet service,No internet service,No internet service,No internet service,No internet service,No internet service,One year,No,Mailed check,19.05,326.65,1,20.415625,13-24 Months,0.010804431152325933,0,Low Risk,Routine engagement
Male,0,Yes,Yes,16,Yes,Yes,DSL,Yes,Yes,No,Yes,Yes,Yes,Month-to-month,No,Electronic check,84.9,1398.25,7,87.390625,13-24 Months,0.2734587408681356,0,Low Risk,Routine engagement
Male,0,No,No,1,Yes,No,No,No internet service,No internet service,No internet service,No internet service,No internet service,No internet service,Month-to-month,No,Bank transfer (automatic),19.65,19.65,1,19.65,0-6 Months,0.3938431225274117,0,Medium Risk,Proactive engagement
Male,0,Yes,No,10,Yes,Yes,Fiber optic,No,No,No,No,Yes,No,Month-to-month,Yes,Electronic check,85.6,813.85,3,81.385,7-12 Months,0.8752653293059891,1,High Risk,Immediate retention intervention
Female,0,Yes,No,57,Yes,Yes,Fiber optic,No,No,Yes,No,Yes,Yes,One year,Yes,Credit card (automatic),100.75,5985.0,5,105.0,49+ Months,0.5114806829092021,0,Medium Risk,Proactive engagement
Male,0,Yes,Yes,32,Yes,No,Fiber optic,Yes,Yes,No,No,No,Yes,One year,Yes,Electronic check,90.8,3023.85,4,94.4953125,25-48 Months,0.3143326327107955,0,Medium Risk,Proactive engagement
Female,0,No,No,72,Yes,Yes,Fiber optic,Yes,Yes,Yes,No,Yes,No,Two year,Yes,Bank transfer (automatic),101.3,7261.25,6,100.85069444444444,49+ Months,0.051038677733453434,0,Low Risk,Routine engagement
Female,1,Yes,No,58,Yes,Yes,Fiber optic,No,Yes,No,No,Yes,Yes,One year,Yes,Bank transfer (automatic),97.8,5458.8,5,94.11724137931034,49+ Months,0.4385609894662956,0,Medium Risk,Proactive engagement
Female,0,No,No,23,Yes,Yes,DSL,No,No,No,Yes,Yes,Yes,One year,Yes,Mailed check,73.75,1756.6,5,76.37391304347825,13-24 Months,0.22906856708558795,0,Low Risk,Routine engagement
Male,1,No,No,25,Yes,Yes,Fiber optic,No,Yes,No,No,Yes,No,Month-to-month,Yes,Electronic check,89.5,2196.15,4,87.846,25-48 Months,0.7877203342281327,1,High Risk,Immediate retention intervention
Male,0,Yes,Yes,32,Yes,No,No,No internet service,No internet service,No internet service,No internet service,No internet service,No internet service,Month-to-month,Yes,Credit card (automatic),19.45,674.55,1,21.0796875,25-48 Months,0.1739045419855799,0,Low Risk,Routine engagement
Female,0,No,No,69,Yes,Yes,Fiber optic,No,No,Yes,Yes,Yes,Yes,Two year,No,Electronic check,104.0,7028.5,6,101.8623188405797,49+ Months,0.2431312666255782,0,Low Risk,Routine engagement
Female,0,Yes,Yes,72,Yes,No,Fiber optic,Yes,Yes,Yes,Yes,Yes,Yes,Two year,Yes,Credit card (automatic),109.5,7854.9,7,109.09583333333333,49+ Months,0.0453985156299884,0,Low Risk,Routine engagement
Male,0,No,No,50,No,No phone service,DSL,Yes,No,No,Yes,No,No,One year,Yes,Mailed check,35.4,1748.9,2,34.978,49+ Months,0.04469427019937978,0,Low Risk,Routine engagement
Male,0,Yes,Yes,28,Yes,Yes,Fiber optic,Yes,Yes,No,No,Yes,Yes,One year,No,Electronic check,106.1,2847.4,6,101.69285714285715,25-48 Months,0.31009538092084443,0,Medium Risk,Proactive engagement
Female,0,Yes,No,10,Yes,No,No,No internet service,No internet service,No internet service,No internet service,No internet service,No internet service,One year,No,Mailed check,20.1,184.4,1,18.44,7-12 Months,0.05258151567962845,0,Low Risk,Routine engagement
Male,0,Yes,Yes,58,Yes,Yes,Fiber optic,No,Yes,No,Yes,Yes,No,One year,Yes,Credit card (automatic),94.7,5430.35,5,93.62672413793103,49+ Months,0.23025889591207913,0,Low Risk,Routine engagement
Male,1,Yes,No,7,Yes,Yes,Fiber optic,No,No,No,No,No,No,Month-to-month,Yes,Electronic check,75.4,533.05,2,76.14999999999999,7-12 Months,0.8609473632567832,1,High Risk,Immediate retention intervention
Male,0,No,Yes,4,Yes,No,DSL,Yes,No,No,No,No,No,Month-to-month,No,Electronic check,49.35,219.65,2,54.9125,0-6 Months,0.48161584662777335,0,Medium Risk,Proactive engagement
Female,0,Yes,Yes,34,Yes,No,DSL,Yes,Yes,Yes,No,No,No,One year,Yes,Mailed check,60.8,2042.05,4,60.06029411764706,25-48 Months,0.12785725327642863,0,Low Risk,Routine engagement
Female,0,Yes,Yes,70,Yes,Yes,Fiber optic,Yes,Yes,Yes,Yes,Yes,Yes,Two year,Yes,Credit card (automatic),115.15,8250.0,8,117.85714285714286,49+ Months,0.08497507536469322,0,Low Risk,Routine engagement
Male,1,Yes,Yes,71,Yes,Yes,DSL,No,Yes,Yes,Yes,No,Yes,One year,Yes,Bank transfer (automatic),72.9,5139.65,6,72.38943661971831,49+ Months,0.09976143782210765,0,Low Risk,Routine engagement
Male,0,No,No,21,Yes,Yes,Fiber optic,Yes,No,Yes,No,Yes,Yes,Month-to-month,No,Mailed check,103.85,2215.0,6,105.47619047619048,13-24 Months,0.7594454581371073,1,High Risk,Immediate retention intervention
Female,0,No,No,56,Yes,No,DSL,Yes,No,Yes,Yes,No,No,One year,Yes,Credit card (automatic),60.25,3282.75,4,58.620535714285715,49+ Months,0.057291388326928844,0,Low Risk,Routine engagement
Male,0,No,Yes,71,Yes,No,DSL,Yes,Yes,Yes,Yes,Yes,No,Two year,Yes,Credit card (automatic),76.9,5522.7,6,77.78450704225352,49+ Months,0.019206161426447637,0,Low Risk,Routine engagement
Female,0,Yes,Yes,14,Yes,Yes,Fiber optic,No,No,Yes,No,No,Yes,Month-to-month,Yes,Electronic check,87.25,1258.6,4,89.89999999999999,13-24 Months,0.8190205648268661,1,High Risk,Immediate retention intervention
Male,0,Yes,Yes,41,Yes,No,No,No internet service,No internet service,No internet service,No internet service,No internet service,No internet service,One year,No,Bank transfer (automatic),19.5,798.2,1,19.46829268292683,25-48 Months,0.0380026160118781,0,Low Risk,Routine engagement
Female,0,No,No,3,Yes,Yes,Fiber optic,No,No,No,No,No,No,Month-to-month,No,Bank transfer (automatic),74.4,215.8,2,71.93333333333334,0-6 Months,0.8034350792379432,1,High Risk,Immediate retention intervention
Female,0,Yes,Yes,58,Yes,No,No,No internet service,No internet service,No internet service,No internet service,No internet service,No internet service,Two year,No,Credit card (automatic),20.5,1191.4,1,20.54137931034483,49+ Months,0.02904516100731677,0,Low Risk,Routine engagement
Female,0,Yes,Yes,72,No,No phone service,DSL,Yes,Yes,Yes,Yes,Yes,Yes,Two year,No,Bank transfer (automatic),65.7,4575.35,6,63.54652777777778,49+ Months,0.013246154533134779,0,Low Risk,Routine engagement
Female,0,No,No,13,Yes,Yes,Fiber optic,No,Yes,Yes,Yes,No,No,Month-to-month,No,Electronic check,89.4,1132.35,5,87.10384615384615,13-24 Months,0.7522511998227178,1,High Risk,Immediate retention intervention
Male,0,Yes,Yes,43,Yes,No,DSL,Yes,No,Yes,Yes,Yes,Yes,Two year,Yes,Credit card (automatic),79.15,3566.6,6,82.94418604651163,25-48 Months,0.04187355095044105,0,Low Risk,Routine engagement
Male,0,No,No,41,No,No phone service,DSL,No,No,Yes,No,Yes,Yes,One year,Yes,Electronic check,51.35,2075.1,3,50.61219512195122,25-48 Months,0.45204017295167404,0,Medium Risk,Proactive engagement
Female,0,No,No,2,Yes,No,Fiber optic,No,No,No,No,No,No,Month-to-month,No,Bank transfer (automatic),70.0,153.05,1,76.525,0-6 Months,0.7741247546514785,1,High Risk,Immediate retention intervention
Female,0,No,No,1,Yes,No,No,No internet service,No internet service,No internet service,No internet service,No internet service,No internet service,Month-to-month,No,Credit card (automatic),20.3,20.3,1,20.3,0-6 Months,0.37731689642955396,0,Medium Risk,Proactive engagement
Male,0,No,No,4,Yes,No,Fiber optic,No,No,No,No,No,Yes,Month-to-month,Yes,Electronic check,79.9,324.3,2,81.075,0-6 Months,0.8657911872962223,1,High Risk,Immediate retention intervention
Male,0,No,No,1,Yes,No,No,No internet service,No internet service,No internet service,No internet service,No internet service,No internet service,Month-to-month,Yes,Mailed check,19.9,19.9,1,19.9,0-6 Months,0.7216220777479985,1,High Risk,Immediate retention intervention
Male,0,Yes,No,72,Yes,Yes,Fiber optic,Yes,Yes,Yes,Yes,Yes,Yes,Two year,Yes,Credit card (automatic),114.1,8086.4,8,112.3111111111111,49+ Months,0.06344495082083977,0,Low Risk,Routine engagement
Female,0,Yes,Yes,69,Yes,Yes,DSL,Yes,No,Yes,Yes,No,No,Two year,Yes,Credit card (automatic),64.15,4254.1,5,61.6536231884058,49+ Months,0.02923215453870354,0,Low Risk,Routine engagement
Male,0,Yes,Yes,27,No,No phone service,DSL,No,Yes,Yes,No,No,Yes,One year,Yes,Credit card (automatic),45.85,1246.4,3,46.162962962962965,25-48 Months,0.3623391460350839,0,Medium Risk,Proactive engagement
Female,0,No,Yes,14,Yes,No,DSL,No,No,Yes,No,Yes,No,Month-to-month,Yes,Credit card (automatic),59.8,824.85,3,58.917857142857144,13-24 Months,0.43176083980128327,0,Medium Risk,Proactive engagement
Male,0,No,No,19,Yes,No,DSL,No,No,No,No,No,No,Month-to-month,Yes,Bank transfer (automatic),45.0,865.85,1,45.57105263157895,13-24 Months,0.4147589729793609,0,Medium Risk,Proactive engagement
Female,0,Yes,No,18,Yes,No,Fiber optic,No,No,Yes,No,Yes,Yes,Month-to-month,Yes,Credit card (automatic),95.95,1745.5,4,96.97222222222223,13-24 Months,0.7581323971670763,1,High Risk,Immediate retention intervention
Male,0,Yes,Yes,5,Yes,No,Fiber optic,Yes,No,Yes,No,No,Yes,Month-to-month,Yes,Mailed check,90.35,434.5,4,86.9,0-6 Months,0.7197972979743611,1,High Risk,Immediate retention intervention
Male,0,Yes,Yes,28,Yes,No,Fiber optic,No,Yes,Yes,No,Yes,Yes,One year,No,Bank transfer (automatic),100.35,2799.0,5,99.96428571428571,25-48 Months,0.3268902259694849,0,Medium Risk,Proactive engagement
Female,0,No,No,30,Yes,No,DSL,Yes,Yes,Yes,Yes,Yes,No,One year,No,Credit card (automatic),74.65,2308.6,6,76.95333333333333,25-48 Months,0.15428310790635447,0,Low Risk,Routine engagement
Female,1,No,No,71,Yes,Yes,Fiber optic,No,No,Yes,No,Yes,Yes,Two year,No,Bank transfer (automatic),104.05,7413.55,5,104.41619718309859,49+ Months,0.22479548723804046,0,Low Risk,Routine engagement
Male,0,No,No,1,Yes,No,DSL,Yes,No,No,Yes,No,No,Month-to-month,Yes,Electronic check,53.95,53.95,3,53.95,0-6 Months,0.6164186323987965,1,High Risk,Immediate retention intervention
Male,0,Yes,Yes,71,Yes,Yes,Fiber optic,Yes,No,No,No,Yes,Yes,Two year,Yes,Electronic check,97.2,6910.3,5,97.32816901408451,49+ Months,0.18062209693932665,0,Low Risk,Routine engagement
Female,0,Yes,Yes,32,Yes,Yes,DSL,No,Yes,Yes,No,No,No,Month-to-month,No,Bank transfer (automatic),62.45,2045.55,4,63.9234375,25-48 Months,0.2857891661686181,0,Low Risk,Routine engagement
Female,1,No,No,70,Yes,Yes,DSL,No,Yes,Yes,Yes,Yes,No,Two year,Yes,Bank transfer (automatic),75.5,5212.65,6,74.46642857142857,49+ Months,0.09377049715255353,0,Low Risk,Routine engagement
Male,0,No,No,1,Yes,No,DSL,No,No,No,No,No,Yes,Month-to-month,Yes,Electronic check,55.25,55.25,2,55.25,0-6 Months,0.8148017599558414,1,High Risk,Immediate retention intervention
Male,0,Yes,Yes,1,Yes,No,Fiber optic,No,No,No,No,No,No,Month-to-month,Yes,Electronic check,71.0,71.0,1,71.0,0-6 Months,0.9120403024001346,1,High Risk,Immediate retention intervention
Female,1,No,No,4,Yes,Yes,DSL,No,No,No,No,No,No,Month-to-month,No,Mailed check,48.75,179.85,2,44.9625,0-6 Months,0.6318609819803263,1,High Risk,Immediate retention intervention
Male,1,Yes,No,43,Yes,Yes,Fiber optic,No,Yes,No,Yes,Yes,No,Month-to-month,Yes,Electronic check,94.3,3953.15,5,91.93372093023255,25-48 Months,0.6163282902858128,1,High Risk,Immediate retention intervention
Male,0,Yes,No,72,Yes,Yes,DSL,Yes,Yes,Yes,Yes,Yes,Yes,Two year,No,Credit card (automatic),92.3,6719.9,8,93.33194444444445,49+ Months,0.01660818257321032,0,Low Risk,Routine engagement
Male,1,Yes,Yes,72,Yes,Yes,Fiber optic,Yes,Yes,Yes,Yes,Yes,Yes,Two year,Yes,Bank transfer (automatic),114.95,8196.4,8,113.83888888888889,49+ Months,0.049547365408266444,0,Low Risk,Routine engagement
Male,1,Yes,No,4,Yes,Yes,Fiber optic,No,No,No,No,No,No,Month-to-month,Yes,Mailed check,74.4,306.6,2,76.65,0-6 Months,0.8498616335091392,1,High Risk,Immediate retention intervention
Female,0,No,No,24,Yes,Yes,No,No internet service,No internet service,No internet service,No internet service,No internet service,No internet service,One year,No,Bank transfer (automatic),24.6,605.25,2,25.21875,13-24 Months,0.101940093739986,0,Low Risk,Routine engagement
Male,1,Yes,No,1,Yes,Yes,Fiber optic,No,No,No,No,Yes,Yes,Month-to-month,Yes,Electronic check,95.1,95.1,4,95.1,0-6 Months,0.9651552904577929,1,High Risk,Immediate retention intervention
Female,0,No,No,1,Yes,No,No,No internet service,No internet service,No internet service,No internet service,No internet service,No internet service,Month-to-month,No,Electronic check,18.85,18.85,1,18.85,0-6 Months,0.32066497842463526,0,Medium Risk,Proactive engagement
Male,1,No,No,14,Yes,Yes,Fiber optic,No,No,No,No,Yes,Yes,Month-to-month,Yes,Electronic check,95.6,1273.3,4,90.95,13-24 Months,0.8886778731294475,1,High Risk,Immediate retention intervention
Male,1,Yes,No,36,Yes,Yes,Fiber optic,No,No,No,No,No,Yes,Month-to-month,Yes,Electronic check,84.1,3021.6,3,83.93333333333334,25-48 Months,0.7969741626678926,1,High Risk,Immediate retention intervention
Male,0,Yes,Yes,40,Yes,Yes,Fiber optic,No,No,Yes,No,No,No,Month-to-month,Yes,Electronic check,81.2,3292.3,3,82.3075,25-48 Months,0.6634000666369206,1,High Risk,Immediate retention intervention
Male,1,No,No,67,Yes,No,Fiber optic,Yes,Yes,No,Yes,Yes,Yes,Two year,Yes,Electronic check,105.05,7171.7,6,107.04029850746268,49+ Months,0.19179064866923823,0,Low Risk,Routine engagement
Male,0,Yes,Yes,69,Yes,No,Fiber optic,No,Yes,No,Yes,Yes,No,Two year,Yes,Mailed check,92.15,6480.9,4,93.92608695652173,49+ Months,0.07689288809569966,0,Low Risk,Routine engagement
Male,0,No,No,1,Yes,No,No,No internet service,No internet service,No internet service,No internet service,No internet service,No internet service,Month-to-month,No,Mailed check,20.6,20.6,1,20.6,0-6 Months,0.6147389295060705,1,High Risk,Immediate retention intervention
Female,0,No,Yes,10,No,No phone service,DSL,Yes,Yes,No,Yes,No,No,One year,No,Mailed check,40.25,411.45,3,41.144999999999996,7-12 Months,0.07646826175083368,0,Low Risk,Routine engagement
Male,0,Yes,Yes,55,Yes,No,DSL,Yes,Yes,No,Yes,No,No,Two year,No,Bank transfer (automatic),57.55,3046.4,4,55.38909090909091,49+ Months,0.03546655367444305,0,Low Risk,Routine engagement
Male,0,Yes,Yes,68,Yes,Yes,Fiber optic,Yes,Yes,Yes,Yes,Yes,Yes,Two year,Yes,Electronic check,113.15,7856.0,8,115.52941176470588,49+ Months,0.1815424866920683,0,Low Risk,Routine engagement
Male,1,Yes,Yes,66,Yes,Yes,Fiber optic,No,No,Yes,No,Yes,Yes,Month-to-month,Yes,Credit card (automatic),99.5,6822.15,5,103.36590909090908,49+ Months,0.6828329877940582,1,High Risk,Immediate retention intervention
Female,0,No,No,7,Yes,No,Fiber optic,No,No,No,No,No,No,Month-to-month,Yes,Mailed check,69.9,497.3,1,71.04285714285714,7-12 Months,0.7034369434266663,1,High Risk,Immediate retention intervention
Female,0,Yes,Yes,10,Yes,No,No,No internet service,No internet service,No internet service,No internet service,No internet service,No internet service,Two year,No,Mailed check,20.15,220.8,1,22.080000000000002,7-12 Months,0.017014272401144823,0,Low Risk,Routine engagement
Male,0,No,No,1,No,No phone service,DSL,No,No,No,Yes,No,No,Month-to-month,No,Mailed check,29.15,29.15,1,29.15,0-6 Months,0.6081028062240279,1,High Risk,Immediate retention intervention
Male,0,Yes,Yes,55,Yes,No,No,No internet service,No internet service,No internet service,No internet service,No internet service,No internet service,Two year,No,Bank transfer (automatic),19.35,1153.25,1,20.96818181818182,49+ Months,0.041353489245213766,0,Low Risk,Routine engagement
Male,0,Yes,No,45,Yes,Yes,Fiber optic,No,Yes,Yes,No,Yes,Yes,Month-to-month,Yes,Bank transfer (automatic),107.75,4882.8,6,108.50666666666667,25-48 Months,0.7508669090195079,1,High Risk,Immediate retention intervention
Female,0,Yes,No,10,Yes,No,DSL,No,No,Yes,No,Yes,Yes,Month-to-month,Yes,Credit card (automatic),67.8,653.15,4,65.315,7-12 Months,0.5189422421846687,0,Medium Risk,Proactive engagement
Female,0,Yes,No,69,Yes,Yes,Fiber optic,Yes,Yes,Yes,Yes,Yes,Yes,Two year,Yes,Electronic check,116.0,8182.85,8,118.59202898550726,49+ Months,0.14638306348234637,0,Low Risk,Routine engagement
Female,1,No,No,1,Yes,Yes,Fiber optic,No,No,No,No,No,Yes,Month-to-month,Yes,Electronic check,85.05,85.05,3,85.05,0-6 Months,0.9526713824566762,1,High Risk,Immediate retention intervention
Female,0,No,No,33,Yes,Yes,No,No internet service,No internet service,No internet service,No internet service,No internet service,No internet service,Two year,No,Credit card (automatic),25.7,826.1,2,25.033333333333335,25-48 Months,0.05521075239657448,0,Low Risk,Routine engagement
Female,0,No,No,45,Yes,No,DSL,Yes,No,Yes,Yes,Yes,Yes,Two year,No,Bank transfer (automatic),81.65,3618.7,6,80.41555555555556,25-48 Months,0.037430548037060515,0,Low Risk,Routine engagement
Female,0,No,No,1,Yes,No,DSL,No,No,No,No,No,No,Month-to-month,No,Mailed check,44.75,44.75,1,44.75,0-6 Months,0.6919124339011066,1,High Risk,Immediate retention intervention
Male,0,No,No,31,Yes,Yes,DSL,No,Yes,No,Yes,Yes,No,Month-to-month,Yes,Electronic check,71.05,2168.15,5,69.94032258064516,25-48 Months,0.3010986650579366,0,Medium Risk,Proactive engagement
Male,0,Yes,Yes,50,Yes,No,No,No internet service,No internet service,No internet service,No internet service,No internet service,No internet service,One year,Yes,Mailed check,20.35,938.95,1,18.779,49+ Months,0.045848252903166915,0,Low Risk,Routine engagement
Female,0,No,No,57,Yes,Yes,Fiber optic,Yes,Yes,No,Yes,No,No,Month-to-month,Yes,Bank transfer (automatic),87.55,4884.85,5,85.69912280701755,49+ Months,0.20292101965084305,0,Low Risk,Routine engagement
Male,0,No,No,1,Yes,Yes,Fiber optic,No,No,No,No,No,No,Month-to-month,Yes,Mailed check,74.25,74.25,2,74.25,0-6 Months,0.9176858065139839,1,High Risk,Immediate retention intervention
Female,0,No,No,2,Yes,No,Fiber optic,No,No,Yes,No,No,No,Month-to-month,Yes,Electronic check,75.8,160.75,2,80.375,0-6 Months,0.8632220671863677,1,High Risk,Immediate retention intervention
Male,0,No,No,3,Yes,Yes,Fiber optic,No,Yes,Yes,No,Yes,Yes,Month-to-month,Yes,Bank transfer (automatic),105.35,323.25,6,107.75,0-6 Months,0.9364263913092941,1,High Risk,Immediate retention intervention
Male,1,Yes,No,67,Yes,Yes,Fiber optic,No,No,No,No,Yes,Yes,Month-to-month,Yes,Credit card (automatic),94.65,6079.0,4,90.73134328358209,49+ Months,0.659310022446542,1,High Risk,Immediate retention intervention
Female,1,No,No,42,Yes,Yes,Fiber optic,No,Yes,Yes,No,Yes,Yes,Month-to-month,Yes,Bank transfer (automatic),104.75,4323.45,6,102.93928571428572,25-48 Months,0.7793782472621118,1,High Risk,Immediate retention intervention
Female,0,Yes,No,70,Yes,Yes,No,No internet service,No internet service,No internet service,No internet service,No internet service,No internet service,Two year,Yes,Bank transfer (automatic),26.0,2006.95,2,28.670714285714286,49+ Months,0.03132662551450646,0,Low Risk,Routine engagement
Male,0,Yes,No,71,Yes,No,No,No internet service,No internet service,No internet service,No internet service,No internet service,No internet service,One year,No,Electronic check,20.85,1539.75,1,21.68661971830986,49+ Months,0.023706871060166085,0,Low Risk,Routine engagement
Male,0,No,No,9,Yes,Yes,Fiber optic,No,No,No,No,No,No,Month-to-month,Yes,Electronic check,75.85,724.65,2,80.51666666666667,7-12 Months,0.8496736517273462,1,High Risk,Immediate retention intervention
Male,0,Yes,Yes,72,No,No phone service,DSL,Yes,Yes,Yes,Yes,No,No,Two year,No,Credit card (automatic),45.25,3139.8,4,43.608333333333334,49+ Months,0.013134822984839783,0,Low Risk,Routine engagement
Male,0,Yes,Yes,53,Yes,Yes,Fiber optic,No,Yes,Yes,No,Yes,Yes,One year,Yes,Electronic check,105.25,5576.3,6,105.21320754716982,49+ Months,0.565097489204024,1,Medium Risk,Proactive engagement
Female,1,No,No,19,Yes,No,Fiber optic,Yes,Yes,No,Yes,Yes,Yes,Month-to-month,Yes,Mailed check,105.0,2007.25,6,105.64473684210526,13-24 Months,0.7239010599767094,1,High Risk,Immediate retention intervention
Female,0,No,No,9,Yes,Yes,Fiber optic,No,No,No,No,Yes,Yes,Month-to-month,No,Electronic check,94.4,857.25,4,95.25,7-12 Months,0.8771196868592136,1,High Risk,Immediate retention intervention
Male,0,Yes,Yes,72,Yes,No,Fiber optic,Yes,Yes,No,Yes,Yes,Yes,Two year,No,Bank transfer (automatic),105.5,7611.55,6,105.71597222222222,49+ Months,0.0631466401249875,0,Low Risk,Routine engagement
Male,0,Yes,Yes,20,No,No phone service,DSL,Yes,No,Yes,Yes,No,No,Two year,Yes,Credit card (automatic),39.4,825.4,3,41.269999999999996,13-24 Months,0.038959939012375475,0,Low Risk,Routine engagement
Female,0,Yes,Yes,43,Yes,No,No,No internet service,No internet service,No internet service,No internet service,No internet service,No internet service,One year,No,Mailed check,20.0,817.95,1,19.022093023255817,25-48 Months,0.03635762850891187,0,Low Risk,Routine engagement
Female,0,No,No,50,Yes,Yes,DSL,No,Yes,No,Yes,Yes,Yes,Two year,Yes,Mailed check,79.6,4024.2,6,80.484,49+ Months,0.07637646781127788,0,Low Risk,Routine engagement
Female,0,Yes,No,55,Yes,Yes,Fiber optic,Yes,No,No,No,Yes,No,Month-to-month,Yes,Bank transfer (automatic),89.8,4959.6,4,90.17454545454547,49+ Months,0.3875585500672728,0,Medium Risk,Proactive engagement
Male,0,Yes,No,2,Yes,No,Fiber optic,No,No,No,Yes,Yes,Yes,Month-to-month,Yes,Electronic check,94.2,167.5,4,83.75,0-6 Months,0.8536874967288849,1,High Risk,Immediate retention intervention
Female,0,Yes,Yes,9,Yes,No,No,No internet service,No internet service,No internet service,No internet service,No internet service,No internet service,Two year,No,Mailed check,20.35,191.1,1,21.233333333333334,7-12 Months,0.01746674467380695,0,Low Risk,Routine engagement
Male,0,No,No,10,No,No phone service,DSL,No,No,No,No,No,Yes,Month-to-month,Yes,Mailed check,33.9,298.45,1,29.845,7-12 Months,0.6249784355354586,1,High Risk,Immediate retention intervention
Female,0,No,No,71,Yes,No,DSL,Yes,Yes,Yes,Yes,Yes,No,Two year,No,Credit card (automatic),77.35,5550.1,6,78.17042253521127,49+ Months,0.021345510666068136,0,Low Risk,Routine engagement
Female,0,Yes,No,32,Yes,No,Fiber optic,No,Yes,No,No,No,Yes,Month-to-month,No,Bank transfer (automatic),84.15,2585.95,3,80.8109375,25-48 Months,0.5388760659465923,0,Medium Risk,Proactive engagement
Male,1,Yes,No,3,Yes,Yes,Fiber optic,No,Yes,Yes,No,Yes,Yes,Month-to-month,Yes,Electronic check,105.9,334.65,6,111.55,0-6 Months,0.9092034864453407,1,High Risk,Immediate retention intervention
Male,1,Yes,No,16,Yes,No,Fiber optic,No,Yes,No,No,No,No,Month-to-month,Yes,Credit card (automatic),74.3,1178.25,2,73.640625,13-24 Months,0.6980344655333541,1,High Risk,Immediate retention intervention
Male,0,No,No,25,Yes,No,Fiber optic,No,No,No,No,No,No,Month-to-month,No,Electronic check,69.75,1729.35,1,69.17399999999999,25-48 Months,0.6187827065650916,1,High Risk,Immediate retention intervention
Male,0,No,No,38,Yes,No,Fiber optic,No,No,No,No,No,No,One year,Yes,Bank transfer (automatic),70.45,2597.6,1,68.3578947368421,25-48 Months,0.23627872181880757,0,Low Risk,Routine engagement
Female,0,No,No,40,Yes,No,No,No internet service,No internet service,No internet service,No internet service,No internet service,No internet service,Two year,No,Mailed check,20.15,804.85,1,20.12125,25-48 Months,0.01934418066476237,0,Low Risk,Routine engagement
Female,0,Yes,Yes,61,Yes,Yes,No,No internet service,No internet service,No internet service,No internet service,No internet service,No internet service,Two year,Yes,Mailed check,24.2,1445.2,2,23.691803278688525,49+ Months,0.029818227972624154,0,Low Risk,Routine engagement
Female,0,Yes,Yes,25,Yes,No,No,No internet service,No internet service,No internet service,No internet service,No internet service,No internet service,One year,No,Mailed check,20.05,520.1,1,20.804000000000002,25-48 Months,0.03683631783385629,0,Low Risk,Routine engagement
Female,0,No,Yes,48,Yes,No,Fiber optic,No,Yes,Yes,Yes,Yes,No,Two year,Yes,Mailed check,95.5,4627.85,5,96.41354166666667,25-48 Months,0.09107659945662243,0,Low Risk,Routine engagement
Female,0,No,No,3,Yes,No,Fiber optic,No,No,No,No,No,No,Month-to-month,Yes,Bank transfer (automatic),69.55,222.3,1,74.10000000000001,0-6 Months,0.8006519008498663,1,High Risk,Immediate retention intervention
Female,0,No,No,63,Yes,Yes,Fiber optic,Yes,Yes,Yes,No,Yes,Yes,Month-to-month,No,Credit card (automatic),108.25,6780.1,7,107.62063492063493,49+ Months,0.41222970708272066,0,Medium Risk,Proactive engagement
Female,1,No,No,37,Yes,Yes,Fiber optic,No,No,No,No,No,No,Month-to-month,Yes,Electronic check,76.25,2841.55,2,76.79864864864865,25-48 Months,0.7422379765812008,1,High Risk,Immediate retention intervention
Male,0,No,No,1,Yes,No,DSL,Yes,No,No,No,No,No,Month-to-month,Yes,Credit card (automatic),49.8,49.8,2,49.8,0-6 Months,0.5694872009390076,1,Medium Risk,Proactive engagement
Male,0,Yes,Yes,17,Yes,No,Fiber optic,No,No,No,No,Yes,No,Month-to-month,No,Electronic check,80.85,1400.85,2,82.40294117647058,13-24 Months,0.7085779537790382,1,High Risk,Immediate retention intervention
Male,0,No,No,3,Yes,No,DSL,No,No,No,Yes,Yes,Yes,Month-to-month,Yes,Electronic check,69.35,191.35,4,63.78333333333333,0-6 Months,0.5925405399449989,1,Medium Risk,Proactive engagement
Female,0,Yes,No,21,Yes,No,Fiber optic,No,No,No,Yes,Yes,No,Month-to-month,Yes,Electronic check,86.05,1818.9,3,86.61428571428571,13-24 Months,0.6774516427904287,1,High Risk,Immediate retention intervention
Female,0,Yes,Yes,67,No,No phone service,DSL,Yes,Yes,No,No,No,No,Two year,No,Bank transfer (automatic),36.15,2434.45,2,36.33507462686567,49+ Months,0.030336683193598665,0,Low Risk,Routine engagement
Female,0,Yes,Yes,34,Yes,No,No,No internet service,No internet service,No internet service,No internet service,No internet service,No internet service,One year,Yes,Bank transfer (automatic),20.1,682.1,1,20.061764705882354,25-48 Months,0.043367743147014325,0,Low Risk,Routine engagement
Male,0,No,No,18,Yes,Yes,Fiber optic,No,No,Yes,No,No,Yes,Month-to-month,Yes,Credit card (automatic),90.7,1597.25,4,88.73611111111111,13-24 Months,0.7259539859718215,1,High Risk,Immediate retention intervention
Male,0,Yes,Yes,72,Yes,Yes,DSL,Yes,Yes,Yes,Yes,Yes,Yes,Two year,No,Credit card (automatic),88.7,6501.35,8,90.29652777777778,49+ Months,0.012903433301034951,0,Low Risk,Routine engagement
Male,0,Yes,Yes,18,Yes,No,Fiber optic,No,No,Yes,No,Yes,Yes,Month-to-month,No,Mailed check,95.15,1779.95,4,98.88611111111112,13-24 Months,0.6773993195460629,1,High Risk,Immediate retention intervention
Male,0,No,No,3,Yes,Yes,Fiber optic,No,No,No,No,No,No,Month-to-month,No,Mailed check,75.0,209.1,2,69.7,0-6 Months,0.7776959470214805,1,High Risk,Immediate retention intervention
Female,0,No,No,1,Yes,Yes,DSL,No,No,No,No,No,No,Month-to-month,Yes,Bank transfer (automatic),49.95,49.95,2,49.95,0-6 Months,0.7530565871437832,1,High Risk,Immediate retention intervention
Male,0,No,No,10,Yes,Yes,DSL,No,No,No,No,Yes,Yes,Month-to-month,Yes,Credit card (automatic),72.15,794.25,4,79.425,7-12 Months,0.5665943206152168,1,Medium Risk,Proactive engagement
Female,0,No,No,10,Yes,No,No,No internet service,No internet service,No internet service,No internet service,No internet service,No internet service,Month-to-month,Yes,Mailed check,20.9,247.0,1,24.7,7-12 Months,0.2240036724812492,0,Low Risk,Routine engagement
Female,0,Yes,Yes,29,Yes,No,No,No internet service,No internet service,No internet service,No internet service,No internet service,No internet service,One year,No,Electronic check,20.0,540.05,1,18.622413793103448,25-48 Months,0.04053958452018499,0,Low Risk,Routine engagement
Female,1,Yes,No,34,Yes,Yes,Fiber optic,No,Yes,Yes,No,No,Yes,Month-to-month,Yes,Electronic check,94.25,3217.55,5,94.63382352941177,25-48 Months,0.758747312680393,1,High Risk,Immediate retention intervention
Male,1,Yes,No,7,Yes,Yes,Fiber optic,No,No,Yes,No,Yes,Yes,Month-to-month,Yes,Electronic check,101.95,700.85,5,100.12142857142858,7-12 Months,0.9337728736103013,1,High Risk,Immediate retention intervention
Male,0,Yes,Yes,69,Yes,Yes,DSL,Yes,No,Yes,Yes,Yes,Yes,Two year,No,Bank transfer (automatic),86.9,6194.1,7,89.7695652173913,49+ Months,0.04850151289550886,0,Low Risk,Routine engagement
Female,0,No,No,36,Yes,Yes,DSL,Yes,No,No,No,No,No,One year,No,Mailed check,54.45,1893.5,3,52.59722222222222,25-48 Months,0.0635067210506461,0,Low Risk,Routine engagement
Male,0,Yes,No,72,Yes,Yes,DSL,No,Yes,Yes,Yes,Yes,Yes,Two year,No,Bank transfer (automatic),85.95,6151.9,7,85.44305555555555,49+ Months,0.021610760315061615,0,Low Risk,Routine engagement
Female,0,No,No,42,Yes,No,No,No internet service,No internet service,No internet service,No internet service,No internet service,No internet service,One year,Yes,Mailed check,20.65,958.1,1,22.811904761904763,25-48 Months,0.04352988050643328,0,Low Risk,Routine engagement
Male,0,No,No,42,Yes,Yes,Fiber optic,Yes,Yes,Yes,No,No,Yes,One year,Yes,Electronic check,99.0,4298.45,6,102.34404761904761,25-48 Months,0.41168204124586943,0,Medium Risk,Proactive engagement
Male,0,No,No,67,No,No phone service,DSL,Yes,No,No,Yes,Yes,No,Two year,No,Electronic check,43.9,3097.2,3,46.22686567164179,49+ Months,0.09994703071946764,0,Low Risk,Routine engagement
Female,1,No,No,21,Yes,Yes,Fiber optic,No,No,No,No,Yes,Yes,Month-to-month,Yes,Bank transfer (automatic),95.4,2025.1,4,96.43333333333332,13-24 Months,0.8202821483798064,1,High Risk,Immediate retention intervention
Female,0,No,No,23,Yes,Yes,Fiber optic,No,No,No,No,Yes,Yes,Month-to-month,Yes,Electronic check,93.5,2341.55,4,101.80652173913045,13-24 Months,0.8517755715179351,1,High Risk,Immediate retention intervention
Female,0,No,No,15,Yes,No,Fiber optic,Yes,No,No,No,Yes,No,Month-to-month,No,Electronic check,86.2,1270.2,3,84.68,13-24 Months,0.639969134591758,1,High Risk,Immediate retention intervention
Female,1,Yes,No,34,Yes,No,DSL,No,No,Yes,Yes,Yes,No,One year,No,Bank transfer (automatic),64.2,2106.3,4,61.95,25-48 Months,0.13757870564069014,0,Low Risk,Routine engagement
Male,1,Yes,No,7,Yes,Yes,Fiber optic,No,No,Yes,No,Yes,Yes,Month-to-month,Yes,Electronic check,99.25,665.45,5,95.06428571428572,7-12 Months,0.9315934546759055,1,High Risk,Immediate retention intervention
Male,0,No,Yes,9,Yes,No,No,No internet service,No internet service,No internet service,No internet service,No internet service,No internet service,Month-to-month,No,Mailed check,20.4,184.1,1,20.455555555555556,7-12 Months,0.17679106445329118,0,Low Risk,Routine engagement
Female,0,Yes,No,34,Yes,Yes,No,No internet service,No internet service,No internet service,No internet service,No internet service,No internet service,Month-to-month,No,Electronic check,24.7,780.2,2,22.947058823529414,25-48 Months,0.2128921517563993,0,Low Risk,Routine engagement
Male,0,No,No,1,No,No phone service,DSL,No,No,No,No,No,Yes,Month-to-month,Yes,Electronic check,35.55,35.55,1,35.55,0-6 Months,0.9099587955882708,1,High Risk,Immediate retention intervention
Female,0,No,No,25,Yes,Yes,Fiber optic,No,Yes,Yes,Yes,Yes,Yes,Two year,No,Electronic check,108.9,2809.05,7,112.36200000000001,25-48 Months,0.32999429352761556,0,Medium Risk,Proactive engagement
Female,0,Yes,No,72,Yes,Yes,Fiber optic,Yes,Yes,Yes,Yes,Yes,Yes,Two year,Yes,Bank transfer (automatic),115.5,8312.75,8,115.45486111111111,49+ Months,0.04484332808641888,0,Low Risk,Routine engagement
Male,0,No,No,1,Yes,No,No,No internet service,No internet service,No internet service,No internet service,No internet service,No internet service,Month-to-month,No,Electronic check,20.55,20.55,1,20.55,0-6 Months,0.5201234617528118,0,Medium Risk,Proactive engagement
Female,0,Yes,No,60,Yes,Yes,Fiber optic,No,Yes,No,No,Yes,Yes,Month-to-month,Yes,Electronic check,99.8,5985.75,5,99.7625,49+ Months,0.6796490797196713,1,High Risk,Immediate retention intervention
Male,0,Yes,No,43,Yes,No,Fiber optic,Yes,No,Yes,Yes,No,No,One year,Yes,Bank transfer (automatic),84.25,3539.25,4,82.30813953488372,25-48 Months,0.14089256002872189,0,Low Risk,Routine engagement
Male,0,No,No,3,Yes,No,No,No internet service,No internet service,No internet service,No internet service,No internet service,No internet service,One year,No,Mailed check,21.2,52.05,1,17.349999999999998,0-6 Months,0.029799298424665204,0,Low Risk,Routine engagement
Male,1,Yes,No,72,Yes,Yes,DSL,Yes,Yes,Yes,No,Yes,Yes,Two year,Yes,Credit card (automatic),84.1,5981.65,7,83.07847222222222,49+ Months,0.028383326787550407,0,Low Risk,Routine engagement
Male,0,No,No,2,Yes,No,DSL,No,No,No,No,No,No,Month-to-month,No,Electronic check,45.35,89.5,1,44.75,0-6 Months,0.6705661611300114,1,High Risk,Immediate retention intervention
Male,0,No,No,10,Yes,No,Fiber optic,Yes,No,Yes,No,Yes,Yes,One year,Yes,Electronic check,98.9,1064.95,5,106.495,7-12 Months,0.5395596500378225,0,Medium Risk,Proactive engagement
Male,0,No,No,7,Yes,Yes,Fiber optic,No,No,Yes,No,Yes,Yes,Month-to-month,Yes,Bank transfer (automatic),98.05,713.0,5,101.85714285714286,7-12 Months,0.9161661338774465,1,High Risk,Immediate retention intervention
Female,0,Yes,No,33,Yes,No,DSL,No,No,No,Yes,No,No,One year,Yes,Mailed check,51.45,1758.9,2,53.300000000000004,25-48 Months,0.12544553185832452,0,Low Risk,Routine engagement
Male,0,No,No,31,Yes,Yes,Fiber optic,No,Yes,No,No,No,No,Month-to-month,Yes,Electronic check,81.15,2640.55,3,85.17903225806452,25-48 Months,0.7151245615087787,1,High Risk,Immediate retention intervention
Male,1,No,No,38,Yes,Yes,Fiber optic,No,No,No,No,Yes,Yes,Month-to-month,No,Electronic check,94.75,3653.0,4,96.13157894736842,25-48 Months,0.7362624440876995,1,High Risk,Immediate retention intervention
Female,0,No,No,24,Yes,Yes,Fiber optic,Yes,No,No,Yes,No,No,Month-to-month,Yes,Electronic check,84.35,1938.05,4,80.75208333333333,13-24 Months,0.57397251246351,1,Medium Risk,Proactive engagement
Female,0,No,No,28,Yes,No,DSL,No,No,Yes,No,Yes,No,Month-to-month,Yes,Bank transfer (automatic),59.55,1646.45,3,58.801785714285714,25-48 Months,0.32388554799302754,0,Medium Risk,Proactive engagement
Male,0,Yes,Yes,72,No,No phone service,DSL,Yes,Yes,Yes,No,No,No,Two year,No,Credit card (automatic),38.5,2763.0,3,38.375,49+ Months,0.0236495917155277,0,Low Risk,Routine engagement
Female,0,Yes,No,20,Yes,No,No,No internet service,No internet service,No internet service,No internet service,No internet service,No internet service,Month-to-month,No,Bank transfer (automatic),19.25,375.25,1,18.7625,13-24 Months,0.1697621247010074,0,Low Risk,Routine engagement
Male,0,No,No,60,Yes,No,DSL,Yes,No,Yes,Yes,Yes,Yes,One year,No,Mailed check,79.0,4801.1,6,80.01833333333335,49+ Months,0.08339999746969876,0,Low Risk,Routine engagement
Female,1,No,No,4,Yes,Yes,Fiber optic,No,No,Yes,No,Yes,No,Month-to-month,Yes,Electronic check,89.2,346.2,4,86.55,0-6 Months,0.9187163245101722,1,High Risk,Immediate retention intervention
Female,0,Yes,No,46,Yes,Yes,DSL,Yes,No,No,No,No,No,Month-to-month,No,Bank transfer (automatic),55.0,2473.95,3,53.78152173913043,25-48 Months,0.183850551168451,0,Low Risk,Routine engagement
Male,0,Yes,Yes,72,Yes,Yes,DSL,Yes,Yes,Yes,Yes,Yes,No,Two year,No,Bank transfer (automatic),82.3,5815.15,7,80.76597222222222,49+ Months,0.01318979983207641,0,Low Risk,Routine engagement
Female,1,No,No,41,Yes,Yes,Fiber optic,Yes,Yes,Yes,No,Yes,Yes,Month-to-month,Yes,Electronic check,113.2,4689.5,7,114.3780487804878,25-48 Months,0.713213882227767,1,High Risk,Immediate retention intervention
Male,1,Yes,No,65,Yes,Yes,Fiber optic,Yes,No,No,No,Yes,Yes,One year,Yes,Electronic check,100.75,6674.65,5,102.68692307692307,49+ Months,0.39221821766201287,0,Medium Risk,Proactive engagement
Male,0,Yes,Yes,43,No,No phone service,DSL,No,Yes,No,No,No,No,Month-to-month,No,Credit card (automatic),29.3,1224.05,1,28.46627906976744,25-48 Months,0.38660222763641966,0,Medium Risk,Proactive engagement
Female,0,No,Yes,21,Yes,No,DSL,Yes,No,Yes,No,No,Yes,One year,No,Mailed check,64.85,1336.8,4,63.65714285714286,13-24 Months,0.09901121237449127,0,Low Risk,Routine engagement
Male,0,Yes,Yes,54,Yes,No,No,No internet service,No internet service,No internet service,No internet service,No internet service,No internet service,Two year,No,Credit card (automatic),20.4,1090.6,1,20.196296296296296,49+ Months,0.04010105666913225,0,Low Risk,Routine engagement
Female,1,Yes,No,61,Yes,Yes,Fiber optic,No,Yes,Yes,No,Yes,Yes,One year,Yes,Credit card (automatic),104.4,6405.0,6,105.0,49+ Months,0.4599928497698153,0,Medium Risk,Proactive engagement
Male,0,No,No,20,No,No phone service,DSL,Yes,Yes,Yes,Yes,Yes,No,Month-to-month,Yes,Credit card (automatic),55.0,1165.55,5,58.277499999999996,13-24 Months,0.297239055543874,0,Low Risk,Routine engagement
Male,0,No,No,69,Yes,Yes,Fiber optic,No,Yes,No,Yes,Yes,Yes,One year,Yes,Bank transfer (automatic),105.2,7386.05,6,107.04420289855072,49+ Months,0.5120993135025572,0,Medium Risk,Proactive engagement
Male,1,No,No,1,Yes,No,DSL,No,No,No,No,No,No,Month-to-month,No,Electronic check,45.2,45.2,1,45.2,0-6 Months,0.8090692401961798,1,High Risk,Immediate retention intervention
Male,1,Yes,No,33,Yes,No,Fiber optic,Yes,Yes,No,Yes,No,Yes,One year,Yes,Electronic check,93.55,3055.5,5,92.5909090909091,25-48 Months,0.2980020007220493,0,Low Risk,Routine engagement
Male,0,No,Yes,19,Yes,No,No,No internet service,No internet service,No internet service,No internet service,No internet service,No internet service,Two year,No,Credit card (automatic),20.85,467.5,1,24.605263157894736,13-24 Months,0.026400357058250043,0,Low Risk,Routine engagement
Male,0,No,No,2,Yes,No,Fiber optic,No,No,No,No,Yes,No,Month-to-month,No,Electronic check,79.0,143.65,2,71.825,0-6 Months,0.8323080766169076,1,High Risk,Immediate retention intervention
Female,0,Yes,Yes,13,Yes,No,DSL,Yes,No,Yes,No,No,Yes,Month-to-month,Yes,Mailed check,63.15,816.8,4,62.83076923076923,13-24 Months,0.3452741844490042,0,Medium Risk,Proactive engagement
Male,0,No,No,1,Yes,No,DSL,No,No,No,No,No,No,Month-to-month,Yes,Mailed check,45.8,45.8,1,45.8,0-6 Months,0.756581096741951,1,High Risk,Immediate retention intervention
Female,0,Yes,Yes,55,Yes,No,DSL,Yes,Yes,No,No,No,No,Month-to-month,No,Electronic check,55.7,3131.8,3,56.941818181818185,49+ Months,0.2264253560158097,0,Low Risk,Routine engagement
Male,0,No,No,22,Yes,Yes,Fiber optic,No,No,No,No,Yes,Yes,Month-to-month,Yes,Electronic check,95.1,2162.6,4,98.3,13-24 Months,0.8482697117310526,1,High Risk,Immediate retention intervention
Male,1,Yes,No,27,Yes,Yes,Fiber optic,No,No,No,No,No,No,Month-to-month,Yes,Electronic check,75.5,1893.95,2,70.1462962962963,25-48 Months,0.7439727739617877,1,High Risk,Immediate retention intervention
Male,1,Yes,No,13,Yes,No,Fiber optic,No,Yes,No,Yes,No,Yes,Month-to-month,Yes,Bank transfer (automatic),89.05,1169.35,4,89.94999999999999,13-24 Months,0.6982060923034196,1,High Risk,Immediate retention intervention
Male,0,Yes,Yes,26,Yes,No,DSL,No,No,Yes,No,No,No,One year,No,Mailed check,50.35,1285.8,2,49.45384615384615,25-48 Months,0.1480164355480867,0,Low Risk,Routine engagement
Male,0,Yes,Yes,35,Yes,No,No,No internet service,No internet service,No internet service,No internet service,No internet service,No internet service,Two year,No,Mailed check,20.1,655.3,1,18.72285714285714,25-48 Months,0.01502862699375411,0,Low Risk,Routine engagement
Female,1,No,No,56,Yes,Yes,Fiber optic,No,Yes,Yes,No,Yes,Yes,Month-to-month,No,Electronic check,104.75,5841.35,6,104.30982142857144,49+ Months,0.6496797149429016,1,High Risk,Immediate retention intervention
Male,0,No,No,1,Yes,Yes,Fiber optic,No,No,No,No,Yes,Yes,Month-to-month,Yes,Electronic check,95.45,95.45,4,95.45,0-6 Months,0.9650598239943833,1,High Risk,Immediate retention intervention
Male,1,Yes,No,1,Yes,Yes,Fiber optic,No,No,No,No,No,No,Month-to-month,No,Electronic check,74.3,74.3,2,74.3,0-6 Months,0.9061778813089494,1,High Risk,Immediate retention intervention
Male,0,No,No,23,Yes,Yes,Fiber optic,No,No,No,Yes,Yes,No,Month-to-month,Yes,Electronic check,90.6,1943.2,4,84.48695652173913,13-24 Months,0.7635220850267396,1,High Risk,Immediate retention intervention
Female,0,No,No,7,Yes,Yes,Fiber optic,No,No,No,No,No,No,Month-to-month,No,Mailed check,75.45,480.75,2,68.67857142857143,7-12 Months,0.6737199852720663,1,High Risk,Immediate retention intervention
Male,0,Yes,No,22,Yes,No,Fiber optic,Yes,Yes,No,Yes,Yes,Yes,Month-to-month,Yes,Electronic check,104.6,2180.55,6,99.1159090909091,13-24 Months,0.6339525918813591,1,High Risk,Immediate retention intervention
Male,0,Yes,No,56,Yes,Yes,DSL,No,Yes,Yes,No,No,No,Two year,No,Credit card (automatic),59.5,3389.25,4,60.52232142857143,49+ Months,0.06778094363570689,0,Low Risk,Routine engagement
Male,0,Yes,No,71,Yes,No,DSL,Yes,No,Yes,Yes,Yes,Yes,Two year,Yes,Electronic check,82.55,5832.65,6,82.14999999999999,49+ Months,0.02921345330389481,0,Low Risk,Routine engagement
Male,0,Yes,Yes,59,Yes,No,No,No internet service,No internet service,No internet service,No internet service,No internet service,No internet service,Two year,No,Mailed check,19.85,1188.25,1,20.139830508474578,49+ Months,0.029898031748961253,0,Low Risk,Routine engagement
Female,0,No,No,18,Yes,No,Fiber optic,Yes,No,No,No,Yes,Yes,Month-to-month,Yes,Electronic check,96.05,1740.7,4,96.70555555555556,13-24 Months,0.7699131994534225,1,High Risk,Immediate retention intervention
Male,0,Yes,No,60,Yes,No,DSL,Yes,Yes,No,Yes,No,No,Two year,Yes,Mailed check,61.35,3766.2,4,62.769999999999996,49+ Months,0.03453496175861799,0,Low Risk,Routine engagement
Female,0,No,No,8,Yes,No,DSL,No,No,No,No,No,No,Month-to-month,No,Mailed check,44.45,369.3,1,46.1625,7-12 Months,0.3893637553462942,0,Medium Risk,Proactive engagement
Male,0,No,No,1,Yes,No,No,No internet service,No internet service,No internet service,No internet service,No internet service,No internet service,Month-to-month,Yes,Credit card (automatic),19.75,19.75,1,19.75,0-6 Months,0.46732551866048044,0,Medium Risk,Proactive engagement
Female,1,Yes,No,1,Yes,No,Fiber optic,No,No,No,No,No,No,Month-to-month,Yes,Mailed check,70.45,70.45,1,70.45,0-6 Months,0.9048020221039896,1,High Risk,Immediate retention intervention
Female,0,Yes,Yes,28,Yes,No,Fiber optic,Yes,No,No,No,No,Yes,One year,Yes,Bank transfer (automatic),82.85,2320.8,3,82.88571428571429,25-48 Months,0.1986298606926344,0,Low Risk,Routine engagement
Male,0,No,No,18,Yes,Yes,Fiber optic,No,No,No,No,No,No,Month-to-month,No,Mailed check,74.15,1387.0,2,77.05555555555556,13-24 Months,0.5520301437180208,1,Medium Risk,Proactive engagement
Male,0,No,No,24,Yes,No,Fiber optic,No,No,No,No,Yes,Yes,Month-to-month,Yes,Electronic check,90.35,2238.5,3,93.27083333333333,13-24 Months,0.7803668388553787,1,High Risk,Immediate retention intervention
Female,0,Yes,Yes,68,No,No phone service,DSL,No,Yes,Yes,Yes,Yes,Yes,Two year,No,Credit card (automatic),60.3,4109.0,5,60.4264705882353,49+ Months,0.0372120040666389,0,Low Risk,Routine engagement
Male,0,Yes,Yes,71,Yes,No,Fiber optic,Yes,Yes,Yes,No,Yes,Yes,One year,Yes,Bank transfer (automatic),104.65,7288.4,6,102.65352112676055,49+ Months,0.16834525346585752,0,Low Risk,Routine engagement
Male,0,Yes,Yes,64,Yes,No,No,No internet service,No internet service,No internet service,No internet service,No internet service,No internet service,Two year,Yes,Bank transfer (automatic),19.7,1274.05,1,19.90703125,49+ Months,0.026370463953261772,0,Low Risk,Routine engagement
Female,0,Yes,No,72,Yes,Yes,Fiber optic,Yes,Yes,Yes,No,Yes,Yes,Two year,Yes,Electronic check,110.75,7751.7,7,107.6625,49+ Months,0.08032272580823721,0,Low Risk,Routine engagement
Female,1,No,No,69,Yes,Yes,Fiber optic,Yes,No,Yes,Yes,Yes,Yes,Two year,No,Credit card (automatic),110.25,7467.55,7,108.22536231884058,49+ Months,0.2694784875251251,0,Low Risk,Routine engagement
Female,0,No,No,67,No,No phone service,DSL,No,No,Yes,Yes,Yes,Yes,Month-to-month,Yes,Credit card (automatic),53.4,3579.15,4,53.420149253731346,49+ Months,0.12070651798467895,0,Low Risk,Routine engagement
Female,1,No,No,20,Yes,No,Fiber optic,No,No,No,No,Yes,No,Month-to-month,No,Bank transfer (automatic),80.7,1614.2,2,80.71000000000001,13-24 Months,0.5659246673526793,1,Medium Risk,Proactive engagement
Female,0,Yes,Yes,25,Yes,No,No,No internet service,No internet service,No internet service,No internet service,No internet service,No internet service,Two year,Yes,Mailed check,18.7,383.65,1,15.345999999999998,25-48 Months,0.009403266419974332,0,Low Risk,Routine engagement
Female,0,No,No,50,Yes,No,Fiber optic,No,No,Yes,Yes,No,Yes,Two year,Yes,Bank transfer (automatic),89.7,4304.5,4,86.09,49+ Months,0.08472279455784737,0,Low Risk,Routine engagement
Female,0,Yes,Yes,6,Yes,Yes,DSL,No,No,No,No,No,No,Month-to-month,Yes,Credit card (automatic),48.95,273.25,2,45.541666666666664,0-6 Months,0.6112935113806875,1,High Risk,Immediate retention intervention
Female,0,No,Yes,2,Yes,No,No,No internet service,No internet service,No internet service,No internet service,No internet service,No internet service,Month-to-month,Yes,Electronic check,19.6,35.85,1,17.925,0-6 Months,0.3516554081948205,0,Medium Risk,Proactive engagement
Female,0,No,No,18,Yes,No,No,No internet service,No internet service,No internet service,No internet service,No internet service,No internet service,One year,No,Mailed check,20.1,407.05,1,22.61388888888889,13-24 Months,0.04205349720639933,0,Low Risk,Routine engagement
Female,1,No,No,2,Yes,Yes,DSL,No,Yes,No,No,No,No,Month-to-month,Yes,Credit card (automatic),56.55,118.25,3,59.125,0-6 Months,0.7337414098115572,1,High Risk,Immediate retention intervention
Male,0,No,No,3,No,No phone service,DSL,No,No,Yes,No,Yes,No,Month-to-month,Yes,Mailed check,40.15,130.75,2,43.583333333333336,0-6 Months,0.7182173362473434,1,High Risk,Immediate retention intervention
Female,0,No,Yes,9,Yes,No,DSL,No,No,No,Yes,Yes,Yes,Month-to-month,Yes,Credit card (automatic),69.4,571.45,4,63.49444444444445,7-12 Months,0.4349664294803996,0,Medium Risk,Proactive engagement
Male,0,No,No,1,Yes,No,Fiber optic,No,No,No,No,No,No,Month-to-month,Yes,Electronic check,69.9,69.9,1,69.9,0-6 Months,0.921576592085916,1,High Risk,Immediate retention intervention
Female,0,No,No,70,Yes,Yes,Fiber optic,Yes,Yes,Yes,Yes,Yes,Yes,Two year,Yes,Bank transfer (automatic),113.65,7939.25,8,113.41785714285714,49+ Months,0.1546195674246594,0,Low Risk,Routine engagement
Female,0,No,No,46,Yes,Yes,Fiber optic,No,No,No,No,Yes,Yes,Month-to-month,No,Bank transfer (automatic),96.05,4399.5,4,95.6413043478261,25-48 Months,0.6327400625303771,1,High Risk,Immediate retention intervention
Female,0,No,No,15,Yes,Yes,DSL,No,No,No,No,No,No,Month-to-month,Yes,Mailed check,48.8,720.1,2,48.00666666666667,13-24 Months,0.4526740107364969,0,Medium Risk,Proactive engagement
Female,0,No,No,53,Yes,No,No,No internet service,No internet service,No internet service,No internet service,No internet service,No internet service,Two year,No,Credit card (automatic),19.85,1049.6,1,19.80377358490566,49+ Months,0.06712411180399298,0,Low Risk,Routine engagement
Female,0,No,No,1,Yes,No,DSL,No,No,No,No,No,Yes,Month-to-month,Yes,Electronic check,55.4,55.4,2,55.4,0-6 Months,0.8191039717205345,1,High Risk,Immediate retention intervention
Female,0,No,No,29,Yes,No,No,No internet service,No internet service,No internet service,No internet service,No internet service,No internet service,Month-to-month,No,Credit card (automatic),19.35,601.6,1,20.7448275862069,25-48 Months,0.24321512339159496,0,Low Risk,Routine engagement
Female,0,No,No,1,Yes,Yes,Fiber optic,No,No,No,No,No,No,Month-to-month,Yes,Electronic check,77.15,77.15,2,77.15,0-6 Months,0.9341693706073405,1,High Risk,Immediate retention intervention
Male,0,No,No,69,No,No phone service,DSL,Yes,Yes,No,Yes,Yes,Yes,Two year,Yes,Bank transfer (automatic),60.05,4176.7,5,60.53188405797101,49+ Months,0.04553998110070638,0,Low Risk,Routine engagement
Male,1,Yes,No,63,No,No phone service,DSL,Yes,No,No,Yes,No,No,One year,No,Bank transfer (automatic),36.1,2298.9,2,36.490476190476194,49+ Months,0.06322828968756782,0,Low Risk,Routine engagement
Male,1,No,No,51,Yes,Yes,No,No internet service,No internet service,No internet service,No internet service,No internet service,No internet service,One year,No,Bank transfer (automatic),25.0,1260.7,2,24.719607843137254,49+ Months,0.10922150297623638,0,Low Risk,Routine engagement
Male,0,Yes,No,64,Yes,No,Fiber optic,Yes,No,No,No,No,No,Month-to-month,Yes,Mailed check,73.55,4764.0,2,74.4375,49+ Months,0.2471404364246738,0,Low Risk,Routine engagement
Female,0,Yes,Yes,52,Yes,No,Fiber optic,Yes,No,Yes,Yes,No,No,Month-to-month,Yes,Bank transfer (automatic),84.05,4326.8,4,83.20769230769231,49+ Months,0.1716041668545196,0,Low Risk,Routine engagement
Male,0,Yes,Yes,70,No,No phone service,DSL,Yes,No,Yes,Yes,Yes,Yes,Two year,No,Bank transfer (automatic),59.5,4144.8,5,59.21142857142858,49+ Months,0.02587513319894035,0,Low Risk,Routine engagement
Male,0,Yes,Yes,9,Yes,No,DSL,No,Yes,No,Yes,No,No,Month-to-month,No,Mailed check,54.8,452.8,3,50.31111111111111,7-12 Months,0.2997865426848958,0,Low Risk,Routine engagement
Female,0,No,No,3,Yes,No,Fiber optic,No,Yes,No,No,Yes,No,Month-to-month,No,Electronic check,83.75,247.25,3,82.41666666666667,0-6 Months,0.7953768941106163,1,High Risk,Immediate retention intervention
Male,0,Yes,No,70,Yes,Yes,DSL,Yes,No,Yes,Yes,No,Yes,Two year,Yes,Credit card (automatic),74.8,5315.8,6,75.94,49+ Months,0.0754392214954878,0,Low Risk,Routine engagement
Male,0,No,No,21,Yes,Yes,Fiber optic,No,No,No,No,No,Yes,Month-to-month,Yes,Electronic check,84.1,1737.45,3,82.7357142857143,13-24 Months,0.8028792558296918,1,High Risk,Immediate retention intervention
Female,1,No,No,5,Yes,No,Fiber optic,No,No,Yes,No,No,No,Month-to-month,Yes,Credit card (automatic),75.55,349.65,2,69.92999999999999,0-6 Months,0.8075888335274743,1,High Risk,Immediate retention intervention
Male,0,No,No,20,Yes,No,Fiber optic,Yes,Yes,Yes,Yes,Yes,Yes,Month-to-month,Yes,Bank transfer (automatic),108.2,2203.7,7,110.18499999999999,13-24 Months,0.6226971541630961,1,High Risk,Immediate retention intervention
Female,1,Yes,No,72,Yes,Yes,Fiber optic,Yes,No,Yes,Yes,Yes,Yes,Two year,Yes,Mailed check,109.75,8075.35,7,112.1576388888889,49+ Months,0.05992505089136341,0,Low Risk,Routine engagement
Male,0,Yes,Yes,72,Yes,No,No,No internet service,No internet service,No internet service,No internet service,No internet service,No internet service,Two year,No,Bank transfer (automatic),20.3,1401.15,1,19.460416666666667,49+ Months,0.006918399167338806,0,Low Risk,Routine engagement
Female,1,No,No,2,Yes,No,Fiber optic,No,No,No,No,No,No,Month-to-month,Yes,Electronic check,70.65,142.35,1,71.175,0-6 Months,0.8710400251833698,1,High Risk,Immediate retention intervention
Female,0,Yes,Yes,23,Yes,No,Fiber optic,No,No,Yes,No,No,No,Month-to-month,Yes,Credit card (automatic),75.3,1702.9,2,74.0391304347826,13-24 Months,0.5278370065810927,0,Medium Risk,Proactive engagement
Female,0,No,No,4,Yes,No,No,No internet service,No internet service,No internet service,No internet service,No internet service,No internet service,Month-to-month,No,Bank transfer (automatic),20.95,85.5,1,21.375,0-6 Months,0.3497935952538409,0,Medium Risk,Proactive engagement
Male,0,No,No,32,Yes,Yes,Fiber optic,No,Yes,No,No,No,No,Month-to-month,Yes,Bank transfer (automatic),80.35,2596.15,3,81.1296875,25-48 Months,0.5969464160657841,1,Medium Risk,Proactive engagement
Female,0,No,No,36,Yes,Yes,DSL,Yes,No,Yes,Yes,Yes,Yes,One year,Yes,Credit card (automatic),89.65,3348.1,7,93.00277777777778,25-48 Months,0.11405507865251492,0,Low Risk,Routine engagement
Male,0,No,No,24,Yes,No,DSL,No,Yes,No,No,No,No,Month-to-month,Yes,Mailed check,49.7,1218.25,2,50.760416666666664,13-24 Months,0.3578582480604146,0,Medium Risk,Proactive engagement
Male,0,No,No,6,Yes,No,DSL,No,No,No,Yes,No,No,Month-to-month,Yes,Credit card (automatic),49.5,312.7,2,52.11666666666667,0-6 Months,0.47244824600088486,0,Medium Risk,Proactive engagement
Male,0,Yes,Yes,23,Yes,Yes,DSL,No,Yes,No,Yes,No,No,Two year,No,Mailed check,59.7,1414.2,4,61.48695652173913,13-24 Months,0.060737966914048334,0,Low Risk,Routine engagement
Female,0,Yes,Yes,48,Yes,No,No,No internet service,No internet service,No internet service,No internet service,No internet service,No internet service,Two year,No,Bank transfer (automatic),20.65,1057.0,1,22.020833333333332,25-48 Months,0.02451020501784312,0,Low Risk,Routine engagement
Female,0,No,No,28,Yes,Yes,DSL,No,No,No,Yes,No,No,Month-to-month,Yes,Credit card (automatic),54.9,1505.15,3,53.75535714285714,25-48 Months,0.19805170119912024,0,Low Risk,Routine engagement
Male,1,No,No,52,No,No phone service,DSL,No,Yes,No,No,Yes,Yes,Month-to-month,Yes,Electronic check,49.15,2550.9,3,49.05576923076923,49+ Months,0.6310098399691784,1,High Risk,Immediate retention intervention
Female,0,No,No,3,Yes,Yes,Fiber optic,No,No,No,No,No,No,Month-to-month,Yes,Electronic check,74.95,212.4,2,70.8,0-6 Months,0.8715796761752703,1,High Risk,Immediate retention intervention
Female,0,No,No,2,Yes,No,Fiber optic,No,No,No,No,No,Yes,Month-to-month,No,Electronic check,80.55,184.1,2,92.05,0-6 Months,0.8730766755003283,1,High Risk,Immediate retention intervention
Male,0,No,No,4,Yes,No,No,No internet service,No internet service,No internet service,No internet service,No internet service,No internet service,One year,No,Mailed check,19.95,68.2,1,17.05,0-6 Months,0.033301174792278815,0,Low Risk,Routine engagement
Male,0,No,No,5,Yes,No,Fiber optic,No,No,No,No,No,No,Month-to-month,Yes,Electronic check,69.7,316.9,1,63.379999999999995,0-6 Months,0.8307597689997058,1,High Risk,Immediate retention intervention
Female,1,No,No,1,Yes,No,Fiber optic,No,No,No,No,No,No,Month-to-month,Yes,Electronic check,69.6,69.6,1,69.6,0-6 Months,0.9239058404550468,1,High Risk,Immediate retention intervention
Male,0,Yes,Yes,66,Yes,No,No,No internet service,No internet service,No internet service,No internet service,No internet service,No internet service,Two year,Yes,Mailed check,19.75,1344.5,1,20.37121212121212,49+ Months,0.013478881266330369,0,Low Risk,Routine engagement
Female,0,Yes,No,52,Yes,Yes,Fiber optic,No,Yes,No,Yes,Yes,Yes,Month-to-month,Yes,Credit card (automatic),102.7,5138.1,6,98.8096153846154,49+ Months,0.5002579185966057,0,Medium Risk,Proactive engagement
Female,0,No,No,1,No,No phone service,DSL,No,No,No,No,No,No,Month-to-month,No,Electronic check,24.6,24.6,0,24.6,0-6 Months,0.804846080071234,1,High Risk,Immediate retention intervention
Male,0,No,No,35,Yes,No,Fiber optic,Yes,No,No,Yes,No,Yes,One year,Yes,Electronic check,89.2,3251.3,4,92.89428571428572,25-48 Months,0.3601978727924937,0,Medium Risk,Proactive engagement
Male,0,Yes,No,3,Yes,No,DSL,No,No,Yes,Yes,No,No,Month-to-month,Yes,Mailed check,55.8,154.55,3,51.51666666666667,0-6 Months,0.5338785320019636,0,Medium Risk,Proactive engagement
Female,1,No,No,66,Yes,Yes,Fiber optic,No,No,Yes,Yes,Yes,Yes,One year,Yes,Credit card (automatic),102.85,6976.75,6,105.70833333333333,49+ Months,0.47178426461739736,0,Medium Risk,Proactive engagement
Female,0,No,No,59,Yes,Yes,DSL,Yes,No,No,Yes,No,Yes,One year,No,Bank transfer (automatic),68.7,4070.95,5,68.99915254237288,49+ Months,0.07111785706540533,0,Low Risk,Routine engagement
Male,0,Yes,Yes,52,Yes,Yes,No,No internet service,No internet service,No internet service,No internet service,No internet service,No internet service,Two year,No,Mailed check,25.75,1345.85,2,25.881730769230767,49+ Months,0.03435819885052267,0,Low Risk,Routine engagement
Female,0,No,No,8,Yes,Yes,Fiber optic,No,No,No,No,No,No,Month-to-month,Yes,Electronic check,73.5,632.2,2,79.025,7-12 Months,0.8371785067886026,1,High Risk,Immediate retention intervention
Female,0,No,No,5,Yes,Yes,DSL,Yes,No,No,No,No,No,Month-to-month,Yes,Electronic check,53.8,283.95,3,56.79,0-6 Months,0.6001888615249067,1,High Risk,Immediate retention intervention
Male,0,No,No,4,No,No phone service,DSL,No,No,No,No,Yes,Yes,Month-to-month,Yes,Electronic check,44.55,174.3,2,43.575,0-6 Months,0.8433026543949123,1,High Risk,Immediate retention intervention
Male,0,Yes,Yes,50,Yes,Yes,DSL,Yes,No,No,Yes,Yes,No,Two year,Yes,Credit card (automatic),70.5,3486.65,5,69.733,49+ Months,0.02807760941540263,0,Low Risk,Routine engagement
Male,0,Yes,Yes,62,Yes,No,Fiber optic,Yes,Yes,Yes,Yes,Yes,Yes,Two year,No,Mailed check,108.15,6825.65,7,110.09112903225805,49+ Months,0.14620871958839757,0,Low Risk,Routine engagement
Female,0,No,No,61,Yes,No,No,No internet service,No internet service,No internet service,No internet service,No internet service,No internet service,One year,No,Bank transfer (automatic),19.45,1336.35,1,21.907377049180326,49+ Months,0.05182831406403256,0,Low Risk,Routine engagement
Male,0,Yes,Yes,55,Yes,Yes,Fiber optic,No,No,No,No,No,Yes,Month-to-month,No,Bank transfer (automatic),85.5,4713.4,3,85.69818181818181,49+ Months,0.47012731843405875,0,Medium Risk,Proactive engagement
Male,0,No,No,5,Yes,No,No,No internet service,No internet service,No internet service,No internet service,No internet service,No internet service,Month-to-month,No,Credit card (automatic),20.05,95.55,1,19.11,0-6 Months,0.282880655476248,0,Low Risk,Routine engagement
Female,0,Yes,Yes,35,Yes,No,DSL,Yes,No,No,Yes,No,No,One year,Yes,Bank transfer (automatic),54.95,1916.0,3,54.74285714285714,25-48 Months,0.06325496304735592,0,Low Risk,Routine engagement
Male,0,No,Yes,22,Yes,Yes,Fiber optic,No,Yes,No,No,Yes,No,Month-to-month,Yes,Credit card (automatic),89.1,1949.4,4,88.60909090909091,13-24 Months,0.6489154571147825,1,High Risk,Immediate retention intervention
Male,0,No,No,57,No,No phone service,DSL,No,No,Yes,Yes,Yes,Yes,Two year,No,Credit card (automatic),53.35,3090.05,4,54.21140350877193,49+ Months,0.05010237296110893,0,Low Risk,Routine engagement
Male,1,Yes,No,57,Yes,Yes,Fiber optic,No,Yes,Yes,No,No,Yes,Month-to-month,Yes,Bank transfer (automatic),95.25,5427.05,5,95.21140350877194,49+ Months,0.5771815338792172,1,Medium Risk,Proactive engagement
Female,0,Yes,No,64,Yes,No,No,No internet service,No internet service,No internet service,No internet service,No internet service,No internet service,Two year,No,Credit card (automatic),19.45,1225.65,1,19.15078125,49+ Months,0.027256595443942253,0,Low Risk,Routine engagement
Female,0,No,No,26,Yes,No,Fiber optic,Yes,No,Yes,Yes,No,Yes,One year,Yes,Bank transfer (automatic),95.85,2475.35,5,95.20576923076922,25-48 Months,0.24412440060807508,0,Low Risk,Routine engagement
Female,1,Yes,No,39,Yes,No,Fiber optic,Yes,Yes,No,No,Yes,Yes,One year,No,Mailed check,99.1,3877.95,5,99.43461538461538,25-48 Months,0.2415138492449168,0,Low Risk,Routine engagement
Female,0,Yes,No,19,Yes,No,DSL,No,Yes,No,No,No,Yes,Month-to-month,Yes,Mailed check,59.8,1130.85,3,59.518421052631574,13-24 Months,0.47172817974480763,0,Medium Risk,Proactive engagement
Male,0,Yes,No,31,Yes,Yes,Fiber optic,No,Yes,Yes,No,Yes,No,Month-to-month,No,Electronic check,93.8,3019.5,5,97.40322580645162,25-48 Months,0.6728213137533748,1,High Risk,Immediate retention intervention
Female,0,Yes,Yes,6,Yes,No,No,No internet service,No internet service,No internet service,No internet service,No internet service,No internet service,Month-to-month,No,Mailed check,19.85,119.3,1,19.883333333333333,0-6 Months,0.3034783620218907,0,Medium Risk,Proactive engagement
Male,0,No,No,52,Yes,Yes,Fiber optic,No,No,Yes,No,No,Yes,Two year,Yes,Credit card (automatic),89.45,4577.75,4,88.03365384615384,49+ Months,0.21090521324763525,0,Low Risk,Routine engagement
Male,0,Yes,Yes,53,Yes,Yes,DSL,Yes,No,Yes,Yes,Yes,Yes,Month-to-month,No,Electronic check,85.7,4616.1,7,87.09622641509435,49+ Months,0.17937518097793637,0,Low Risk,Routine engagement
Female,1,No,No,56,Yes,Yes,Fiber optic,No,Yes,Yes,Yes,Yes,Yes,One year,Yes,Electronic check,111.95,6418.9,7,114.62321428571428,49+ Months,0.48492143485698047,0,Medium Risk,Proactive engagement
Male,0,Yes,Yes,56,Yes,Yes,DSL,Yes,Yes,No,Yes,No,Yes,Two year,Yes,Credit card (automatic),75.85,4261.2,6,76.09285714285714,49+ Months,0.058930560587930246,0,Low Risk,Routine engagement
Male,0,Yes,Yes,49,Yes,Yes,Fiber optic,No,No,Yes,No,Yes,Yes,Month-to-month,Yes,Electronic check,99.8,4872.45,5,99.43775510204081,49+ Months,0.7927694051492046,1,High Risk,Immediate retention intervention
Male,0,No,Yes,39,Yes,Yes,No,No internet service,No internet service,No internet service,No internet service,No internet service,No internet service,Two year,No,Mailed check,25.0,1004.35,2,25.752564102564104,25-48 Months,0.0317863321099229,0,Low Risk,Routine engagement
Female,0,Yes,Yes,61,Yes,Yes,Fiber optic,No,Yes,No,No,Yes,Yes,Month-to-month,Yes,Electronic check,99.15,6010.05,5,98.52540983606558,49+ Months,0.6264395221829563,1,High Risk,Immediate retention intervention
Female,0,Yes,No,43,No,No phone service,DSL,Yes,No,No,Yes,No,No,Month-to-month,No,Bank transfer (automatic),34.0,1505.35,2,35.00813953488372,25-48 Months,0.15678954480565852,0,Low Risk,Routine engagement
Female,0,No,No,5,Yes,No,No,No internet service,No internet service,No internet service,No internet service,No internet service,No internet service,One year,No,Electronic check,19.55,99.6,1,19.919999999999998,0-6 Months,0.04976185438177796,0,Low Risk,Routine engagement
Female,0,No,No,11,Yes,No,No,No internet service,No internet service,No internet service,No internet service,No internet service,No internet service,Month-to-month,No,Bank transfer (automatic),20.3,246.3,1,22.39090909090909,7-12 Months,0.27155472535217445,0,Low Risk,Routine engagement
Male,0,No,No,2,Yes,Yes,No,No internet service,No internet service,No internet service,No internet service,No internet service,No internet service,Month-to-month,No,Mailed check,24.85,62.0,2,31.0,0-6 Months,0.3173009889971934,0,Medium Risk,Proactive engagement
Female,0,No,No,13,Yes,Yes,Fiber optic,Yes,Yes,No,No,Yes,No,Month-to-month,Yes,Electronic check,96.65,1244.5,5,95.73076923076923,13-24 Months,0.8198142865801135,1,High Risk,Immediate retention intervention
Male,0,Yes,Yes,72,Yes,Yes,DSL,Yes,Yes,Yes,Yes,No,Yes,Two year,No,Credit card (automatic),81.0,5750.0,7,79.86111111111111,49+ Months,0.015758907255106952,0,Low Risk,Routine engagement
Female,1,No,No,46,Yes,Yes,DSL,No,No,Yes,Yes,No,Yes,One year,Yes,Credit card (automatic),69.1,3255.35,5,70.76847826086956,25-48 Months,0.17146781486877286,0,Low Risk,Routine engagement
Male,0,Yes,No,71,Yes,Yes,Fiber optic,Yes,No,Yes,Yes,Yes,Yes,Two year,Yes,Credit card (automatic),108.55,7616.0,7,107.26760563380282,49+ Months,0.32136184912796295,0,Medium Risk,Proactive engagement
Female,0,No,No,36,Yes,No,Fiber optic,No,No,Yes,Yes,No,Yes,Month-to-month,Yes,Electronic check,87.55,3078.1,4,85.50277777777778,25-48 Months,0.5701998996084751,1,Medium Risk,Proactive engagement
Male,0,Yes,No,64,Yes,Yes,Fiber optic,Yes,No,Yes,Yes,Yes,Yes,One year,Yes,Mailed check,108.5,6880.85,7,107.51328125,49+ Months,0.41933637977495514,0,Medium Risk,Proactive engagement
Female,0,No,No,1,Yes,No,Fiber optic,Yes,No,No,No,No,No,Month-to-month,No,Mailed check,75.3,75.3,2,75.3,0-6 Months,0.7061381726046578,1,High Risk,Immediate retention intervention
Female,0,Yes,No,15,Yes,No,Fiber optic,No,No,Yes,No,Yes,No,Month-to-month,Yes,Electronic check,84.3,1308.4,3,87.22666666666667,13-24 Months,0.7700474829789402,1,High Risk,Immediate retention intervention
Male,0,Yes,No,36,Yes,No,No,No internet service,No internet service,No internet service,No internet service,No internet service,No internet service,One year,No,Mailed check,20.0,666.75,1,18.520833333333332,25-48 Months,0.02567439438947898,0,Low Risk,Routine engagement
Female,0,Yes,Yes,6,No,No phone service,DSL,No,Yes,Yes,Yes,No,No,Two year,No,Mailed check,40.55,217.5,3,36.25,0-6 Months,0.09735396650534811,0,Low Risk,Routine engagement
Male,0,Yes,No,30,Yes,No,DSL,No,No,Yes,No,No,No,Month-to-month,Yes,Mailed check,50.0,1474.9,2,49.163333333333334,25-48 Months,0.2827198393216545,0,Low Risk,Routine engagement
Male,0,No,No,1,Yes,Yes,DSL,No,No,No,No,Yes,No,Month-to-month,Yes,Electronic check,59.85,59.85,3,59.85,0-6 Months,0.8588562760301982,1,High Risk,Immediate retention intervention
Male,0,No,No,13,Yes,No,Fiber optic,No,No,No,No,No,Yes,Month-to-month,Yes,Electronic check,80.85,1008.7,2,77.5923076923077,13-24 Months,0.7660713332953516,1,High Risk,Immediate retention intervention
Male,0,Yes,Yes,61,Yes,No,No,No internet service,No internet service,No internet service,No internet service,No internet service,No internet service,One year,No,Mailed check,20.4,1226.45,1,20.105737704918035,49+ Months,0.028818905437100552,0,Low Risk,Routine engagement
Male,0,Yes,Yes,72,Yes,Yes,Fiber optic,Yes,Yes,No,Yes,Yes,Yes,Two year,Yes,Credit card (automatic),107.7,7919.8,7,109.99722222222222,49+ Months,0.07855530252461713,0,Low Risk,Routine engagement
Female,0,Yes,Yes,67,Yes,Yes,DSL,Yes,Yes,No,Yes,Yes,No,Two year,No,Credit card (automatic),74.0,4868.4,6,72.66268656716417,49+ Months,0.04541401309532906,0,Low Risk,Routine engagement
Female,0,No,No,34,Yes,No,DSL,Yes,No,Yes,Yes,Yes,Yes,One year,Yes,Bank transfer (automatic),79.95,2727.3,6,80.21470588235294,25-48 Months,0.13297895708627233,0,Low Risk,Routine engagement
Female,0,Yes,No,72,Yes,No,No,No internet service,No internet service,No internet service,No internet service,No internet service,No internet service,Two year,No,Credit card (automatic),20.5,1502.25,1,20.864583333333332,49+ Months,0.0071420050553388315,0,Low Risk,Routine engagement
Male,0,Yes,No,46,Yes,No,DSL,Yes,Yes,Yes,Yes,No,No,Two year,No,Mailed check,65.65,3047.15,5,66.24239130434783,25-48 Months,0.04018096109004255,0,Low Risk,Routine engagement
Female,0,No,No,7,Yes,Yes,Fiber optic,No,No,No,No,No,No,Month-to-month,Yes,Bank transfer (automatic),75.1,552.95,2,78.99285714285715,7-12 Months,0.7726571988056677,1,High Risk,Immediate retention intervention
Female,1,No,No,7,Yes,No,Fiber optic,Yes,No,No,No,No,No,Month-to-month,No,Bank transfer (automatic),76.45,503.6,2,71.94285714285715,7-12 Months,0.5638122689424577,1,Medium Risk,Proactive engagement
Male,0,Yes,No,72,Yes,Yes,DSL,Yes,Yes,Yes,Yes,No,No,Two year,Yes,Bank transfer (automatic),67.8,4804.65,6,66.73124999999999,49+ Months,0.01391585472214907,0,Low Risk,Routine engagement
Female,0,Yes,Yes,32,Yes,No,Fiber optic,No,Yes,No,No,Yes,No,Month-to-month,Yes,Electronic check,86.1,2723.75,3,85.1171875,25-48 Months,0.6617041008889433,1,High Risk,Immediate retention intervention
Male,0,No,No,39,Yes,Yes,DSL,No,No,No,Yes,No,No,Two year,Yes,Credit card (automatic),53.85,2200.7,3,56.42820512820512,25-48 Months,0.06180085427595915,0,Low Risk,Routine engagement
Male,0,Yes,Yes,47,Yes,No,Fiber optic,Yes,Yes,Yes,No,No,Yes,One year,Yes,Electronic check,96.1,4391.45,5,93.43510638297872,25-48 Months,0.27905326477567544,0,Low Risk,Routine engagement
Female,1,Yes,No,50,Yes,Yes,Fiber optic,No,Yes,Yes,No,Yes,No,Month-to-month,Yes,Electronic check,95.05,4888.7,5,97.774,49+ Months,0.6921937654042695,1,High Risk,Immediate retention intervention
Male,0,Yes,Yes,58,Yes,No,No,No internet service,No internet service,No internet service,No internet service,No internet service,No internet service,One year,Yes,Electronic check,19.55,1108.8,1,19.117241379310343,49+ Months,0.1104694317696468,0,Low Risk,Routine engagement
Female,0,No,No,41,Yes,Yes,Fiber optic,Yes,No,No,No,No,No,Month-to-month,Yes,Credit card (automatic),81.3,3190.65,3,77.82073170731708,25-48 Months,0.42003231134709296,0,Medium Risk,Proactive engagement
Female,1,Yes,No,4,Yes,Yes,Fiber optic,No,No,No,No,Yes,No,Month-to-month,Yes,Electronic check,83.25,308.05,3,77.0125,0-6 Months,0.9150492171316851,1,High Risk,Immediate retention intervention
Female,0,Yes,Yes,32,Yes,No,DSL,Yes,Yes,No,Yes,No,No,Month-to-month,No,Bank transfer (automatic),61.4,1864.65,4,58.2703125,25-48 Months,0.1970191102815911,0,Low Risk,Routine engagement
Male,0,No,No,1,Yes,No,No,No internet service,No internet service,No internet service,No internet service,No internet service,No internet service,Month-to-month,No,Credit card (automatic),20.75,20.75,1,20.75,0-6 Months,0.4194778005792844,0,Medium Risk,Proactive engagement
Male,0,No,No,19,Yes,No,No,No internet service,No internet service,No internet service,No internet service,No internet service,No internet service,Two year,No,Mailed check,19.65,358.15,1,18.849999999999998,13-24 Months,0.020330349606166642,0,Low Risk,Routine engagement
Female,1,Yes,No,62,Yes,Yes,Fiber optic,Yes,No,Yes,No,Yes,Yes,One year,Yes,Electronic check,104.85,6312.9,6,101.82096774193548,49+ Months,0.4061203569821957,0,Medium Risk,Proactive engagement
Female,0,No,No,1,Yes,No,DSL,No,No,Yes,Yes,Yes,Yes,One year,No,Credit card (automatic),74.1,74.1,5,74.1,0-6 Months,0.2511410383492671,0,Low Risk,Routine engagement
Female,0,No,No,12,Yes,Yes,DSL,Yes,No,Yes,Yes,No,No,Month-to-month,Yes,Mailed check,61.65,713.75,5,59.479166666666664,7-12 Months,0.27887335100159855,0,Low Risk,Routine engagement
Female,0,Yes,No,48,No,No phone service,DSL,Yes,No,Yes,No,No,Yes,Month-to-month,Yes,Bank transfer (automatic),45.3,2145.0,3,44.6875,25-48 Months,0.23525595491849643,0,Low Risk,Routine engagement
Female,0,No,Yes,3,Yes,No,DSL,Yes,No,No,Yes,No,Yes,Month-to-month,Yes,Bank transfer (automatic),64.5,177.4,4,59.13333333333333,0-6 Months,0.4547389214038413,0,Medium Risk,Proactive engagement
Female,0,Yes,No,40,Yes,Yes,Fiber optic,No,No,No,Yes,No,No,Month-to-month,Yes,Credit card (automatic),78.85,3126.85,3,78.17125,25-48 Months,0.4473099101258101,0,Medium Risk,Proactive engagement
Male,0,No,No,19,No,No phone service,DSL,No,No,No,No,No,No,Month-to-month,Yes,Bank transfer (automatic),25.15,468.35,0,24.650000000000002,13-24 Months,0.4234829106666299,0,Medium Risk,Proactive engagement
Female,0,No,No,1,Yes,No,Fiber optic,No,No,No,No,No,No,Month-to-month,Yes,Electronic check,70.25,70.25,1,70.25,0-6 Months,0.9160080733261879,1,High Risk,Immediate retention intervention
Female,0,Yes,Yes,67,Yes,Yes,No,No internet service,No internet service,No internet service,No internet service,No internet service,No internet service,Two year,Yes,Mailed check,24.9,1680.25,2,25.078358208955223,49+ Months,0.0236017676843496,0,Low Risk,Routine engagement
Female,0,Yes,Yes,16,Yes,No,Fiber optic,Yes,No,Yes,No,Yes,Yes,Month-to-month,No,Bank transfer (automatic),100.7,1522.7,5,95.16875,13-24 Months,0.6706542310322234,1,High Risk,Immediate retention intervention
Female,0,No,No,1,Yes,No,No,No internet service,No internet service,No internet service,No internet service,No internet service,No internet service,Month-to-month,Yes,Mailed check,19.55,19.55,1,19.55,0-6 Months,0.6989045162788977,1,High Risk,Immediate retention intervention
Female,0,No,Yes,21,No,No phone service,DSL,Yes,Yes,Yes,Yes,Yes,No,Two year,No,Mailed check,53.15,1183.2,5,56.34285714285714,13-24 Months,0.03694502384980425,0,Low Risk,Routine engagement
Female,1,Yes,Yes,29,No,No phone service,DSL,No,Yes,Yes,No,No,No,Month-to-month,Yes,Mailed check,35.65,1025.15,2,35.35,25-48 Months,0.4935749859436783,0,Medium Risk,Proactive engagement
Male,1,Yes,Yes,20,Yes,No,Fiber optic,Yes,No,Yes,Yes,No,Yes,One year,No,Credit card (automatic),94.3,1818.3,5,90.91499999999999,13-24 Months,0.27726556802312563,0,Low Risk,Routine engagement
Female,0,Yes,No,13,Yes,Yes,Fiber optic,No,Yes,Yes,No,Yes,No,Month-to-month,No,Electronic check,94.1,1215.6,5,93.5076923076923,13-24 Months,0.8042201358318877,1,High Risk,Immediate retention intervention
Male,0,Yes,Yes,9,No,No phone service,DSL,No,Yes,No,No,No,No,Month-to-month,Yes,Electronic check,29.95,248.95,1,27.66111111111111,7-12 Months,0.5681101468444637,1,Medium Risk,Proactive engagement
Male,0,Yes,No,51,Yes,No,DSL,Yes,Yes,Yes,Yes,Yes,Yes,Two year,Yes,Credit card (automatic),83.25,4089.45,7,80.18529411764706,49+ Months,0.06428001655870227,0,Low Risk,Routine engagement
Male,0,Yes,Yes,60,Yes,No,DSL,Yes,Yes,No,Yes,Yes,Yes,Month-to-month,Yes,Credit card (automatic),79.05,4663.4,6,77.72333333333333,49+ Months,0.12006835057790359,0,Low Risk,Routine engagement
Female,1,No,No,20,Yes,Yes,Fiber optic,Yes,No,No,No,No,No,Month-to-month,Yes,Electronic check,79.15,1520.9,3,76.045,13-24 Months,0.6605126226641944,1,High Risk,Immediate retention intervention
Male,0,No,No,9,No,No phone service,DSL,No,No,No,No,Yes,No,Month-to-month,Yes,Credit card (automatic),34.7,296.1,1,32.900000000000006,7-12 Months,0.5267369546095835,0,Medium Risk,Proactive engagement
Female,1,Yes,No,8,Yes,Yes,Fiber optic,No,Yes,No,No,No,No,Month-to-month,Yes,Credit card (automatic),80.65,633.3,3,79.1625,7-12 Months,0.7941241063710819,1,High Risk,Immediate retention intervention
Male,0,Yes,No,63,Yes,Yes,DSL,No,No,Yes,Yes,Yes,Yes,Two year,No,Credit card (automatic),79.8,5034.05,6,79.90555555555555,49+ Months,0.059199902740711616,0,Low Risk,Routine engagement
Female,0,Yes,Yes,10,Yes,No,DSL,No,Yes,Yes,No,No,Yes,One year,Yes,Mailed check,65.9,660.05,4,66.005,7-12 Months,0.3105750678809784,0,Medium Risk,Proactive engagement
Female,0,No,No,3,Yes,No,DSL,No,No,Yes,No,Yes,Yes,One year,Yes,Electronic check,69.95,220.45,4,73.48333333333333,0-6 Months,0.5476806327498115,1,Medium Risk,Proactive engagement
Male,0,Yes,Yes,44,Yes,No,No,No internet service,No internet service,No internet service,No internet service,No internet service,No internet service,One year,No,Bank transfer (automatic),20.6,926.0,1,21.045454545454547,25-48 Months,0.03817165486206914,0,Low Risk,Routine engagement
Male,0,Yes,Yes,8,Yes,No,DSL,Yes,No,No,No,No,No,Month-to-month,Yes,Credit card (automatic),51.3,411.6,2,51.45,7-12 Months,0.34222284398003466,0,Medium Risk,Proactive engagement
Male,0,Yes,Yes,61,Yes,Yes,Fiber optic,Yes,Yes,No,No,Yes,Yes,One year,Yes,Electronic check,106.0,6547.7,6,107.33934426229509,49+ Months,0.30764706147010684,0,Medium Risk,Proactive engagement
Female,0,Yes,Yes,43,Yes,Yes,Fiber optic,No,No,Yes,No,Yes,Yes,Month-to-month,Yes,Bank transfer (automatic),99.3,4209.95,5,97.90581395348836,25-48 Months,0.7146639260861084,1,High Risk,Immediate retention intervention
Male,0,Yes,No,43,Yes,No,DSL,No,No,No,No,Yes,No,One year,Yes,Mailed check,56.35,2391.15,2,55.608139534883726,25-48 Months,0.22326218153947197,0,Low Risk,Routine engagement
Female,0,No,No,5,Yes,Yes,DSL,No,No,No,No,No,No,Month-to-month,Yes,Mailed check,50.6,249.95,2,49.989999999999995,0-6 Months,0.6428096325119063,1,High Risk,Immediate retention intervention
Male,0,Yes,Yes,29,Yes,Yes,DSL,Yes,No,No,Yes,Yes,No,One year,No,Bank transfer (automatic),69.05,1958.45,5,67.53275862068966,25-48 Months,0.06805925123350968,0,Low Risk,Routine engagement
Male,1,Yes,No,54,Yes,Yes,Fiber optic,No,No,Yes,No,Yes,Yes,Month-to-month,Yes,Credit card (automatic),99.05,5295.7,5,98.06851851851852,49+ Months,0.7219212621337789,1,High Risk,Immediate retention intervention
Male,0,Yes,No,50,Yes,Yes,Fiber optic,No,Yes,No,No,Yes,Yes,One year,Yes,Electronic check,98.25,4858.7,5,97.17399999999999,49+ Months,0.5827421564166521,1,Medium Risk,Proactive engagement
Female,0,No,No,68,Yes,Yes,DSL,Yes,Yes,Yes,Yes,Yes,Yes,Two year,Yes,Electronic check,88.15,6148.45,8,90.41838235294118,49+ Months,0.051643480041418284,0,Low Risk,Routine engagement
Female,1,Yes,Yes,1,Yes,No,Fiber optic,No,No,No,No,No,No,Month-to-month,Yes,Electronic check,69.25,69.25,1,69.25,0-6 Months,0.9096094787675844,1,High Risk,Immediate retention intervention
Female,0,Yes,Yes,72,Yes,No,Fiber optic,Yes,Yes,Yes,Yes,Yes,Yes,Two year,Yes,Bank transfer (automatic),108.3,7679.65,7,106.66180555555555,49+ Months,0.059921382200765996,0,Low Risk,Routine engagement
Female,0,No,No,55,Yes,Yes,Fiber optic,No,No,No,No,No,No,Month-to-month,Yes,Electronic check,73.1,4144.9,2,75.36181818181818,49+ Months,0.6069088889680244,1,High Risk,Immediate retention intervention
Male,0,No,No,3,Yes,No,Fiber optic,No,No,No,No,No,No,Month-to-month,Yes,Mailed check,70.3,220.4,1,73.46666666666667,0-6 Months,0.8017534201455586,1,High Risk,Immediate retention intervention
Male,0,No,No,1,Yes,No,No,No internet service,No internet service,No internet service,No internet service,No internet service,No internet service,Month-to-month,No,Mailed check,19.05,19.05,1,19.05,0-6 Months,0.3234004962074181,0,Medium Risk,Proactive engagement
Female,0,Yes,Yes,7,Yes,No,No,No internet service,No internet service,No internet service,No internet service,No internet service,No internet service,Two year,No,Mailed check,19.85,144.15,1,20.592857142857145,7-12 Months,0.018685886939115274,0,Low Risk,Routine engagement
Male,1,No,No,9,Yes,Yes,Fiber optic,No,No,No,No,No,Yes,Month-to-month,Yes,Credit card (automatic),84.4,732.5,3,81.38888888888889,7-12 Months,0.8392925273633279,1,High Risk,Immediate retention intervention
Male,0,No,No,37,No,No phone service,DSL,No,No,No,No,Yes,No,Two year,No,Credit card (automatic),35.8,1316.9,1,35.5918918918919,25-48 Months,0.09928051510232618,0,Low Risk,Routine engagement
Male,0,Yes,Yes,62,Yes,No,DSL,Yes,Yes,Yes,Yes,Yes,Yes,Two year,No,Electronic check,86.1,5215.25,7,84.11693548387096,49+ Months,0.04555928114043959,0,Low Risk,Routine engagement
Female,0,Yes,Yes,56,Yes,No,DSL,Yes,Yes,Yes,No,No,No,Two year,Yes,Credit card (automatic),61.3,3346.8,4,59.76428571428572,49+ Months,0.04333765205356222,0,Low Risk,Routine engagement
Female,0,Yes,Yes,27,Yes,Yes,No,No internet service,No internet service,No internet service,No internet service,No internet service,No internet service,Two year,No,Electronic check,24.5,761.95,2,28.22037037037037,25-48 Months,0.03846955773747681,0,Low Risk,Routine engagement
Female,0,Yes,Yes,49,Yes,No,DSL,Yes,Yes,Yes,Yes,Yes,Yes,One year,Yes,Mailed check,87.2,4345.0,7,88.6734693877551,49+ Months,0.09614694755341226,0,Low Risk,Routine engagement
Male,0,Yes,Yes,28,Yes,No,No,No internet service,No internet service,No internet service,No internet service,No internet service,No internet service,Two year,Yes,Credit card (automatic),20.3,487.95,1,17.426785714285714,25-48 Months,0.026730487061414638,0,Low Risk,Routine engagement
Male,0,No,No,5,Yes,No,No,No internet service,No internet service,No internet service,No internet service,No internet service,No internet service,Month-to-month,No,Bank transfer (automatic),20.65,93.55,1,18.71,0-6 Months,0.27944636799845424,0,Low Risk,Routine engagement
Female,0,No,No,56,Yes,No,No,No internet service,No internet service,No internet service,No internet service,No internet service,No internet service,Two year,No,Bank transfer (automatic),19.7,1051.9,1,18.78392857142857,49+ Months,0.07197472097788066,0,Low Risk,Routine engagement
Female,0,Yes,Yes,72,Yes,Yes,DSL,Yes,Yes,Yes,Yes,No,No,Two year,Yes,Bank transfer (automatic),70.45,5165.7,6,71.74583333333334,49+ Months,0.012521548079445948,0,Low Risk,Routine engagement
